## Redaxo Database Dump Version 4
## Prefix rex_
DROP TABLE IF EXISTS `rex_62_params`;
CREATE TABLE `rex_62_params` ( `field_id` int(10) unsigned NOT NULL  auto_increment, `title` varchar(255) NULL  , `name` varchar(255) NULL  , `prior` int(10) unsigned NOT NULL DEFAULT '0' , `attributes` text NOT NULL  , `type` int(10) unsigned NULL  , `default` varchar(255) NOT NULL  , `params` text NULL  , `validate` varchar(255) NULL  , `createuser` varchar(255) NOT NULL  , `createdate` int(11) NOT NULL DEFAULT '0' , `updateuser` varchar(255) NOT NULL  , `updatedate` int(11) NOT NULL DEFAULT '0' , PRIMARY KEY (`field_id`), UNIQUE KEY `name`(`name`)) TYPE=MyISAM;
INSERT INTO `rex_62_params` VALUES ('1','translate:pool_file_description','med_description','1','','2','','','','admin','1189343866','admin','1189344596');
INSERT INTO `rex_62_params` VALUES ('2','translate:pool_file_copyright','med_copyright','2','','1','','','','admin','1189343877','admin','1189344617');
INSERT INTO `rex_62_params` VALUES ('3','translate:online_from','art_online_from','2','','10','','','','admin','1189344934','admin','1189344934');
INSERT INTO `rex_62_params` VALUES ('4','translate:online_to','art_online_to','3','','10','','','','admin','1189344947','admin','1189344947');
INSERT INTO `rex_62_params` VALUES ('5','translate:description','art_description','4','','2','','','','admin','1189345025','admin','1189345025');
INSERT INTO `rex_62_params` VALUES ('6','translate:keywords','art_keywords','5','','2','','','','admin','1189345068','admin','1189345068');
INSERT INTO `rex_62_params` VALUES ('7','translate:metadata_image','art_file','6','','6','','','','admin','1189345109','admin','1189345109');
INSERT INTO `rex_62_params` VALUES ('8','translate:teaser','art_teaser','7','','5','','','','admin','1189345182','admin','1189345182');
INSERT INTO `rex_62_params` VALUES ('9','translate:header_article_type','art_type_id','8','size=1','3','','Standard|Zugriff für alle','','admin','1191963797','admin','1191964038');
INSERT INTO `rex_62_params` VALUES ('10','Zugriffsrechte','art_com_perm','1','','3','','0:Alle|-1:Nur nicht Eingeloggte|1:Nur Eingeloggte|2:Nur Moderatoren und Admins|3:Nur Admins','','admin','1212571475','admin','1212152378');
DROP TABLE IF EXISTS `rex_62_type`;
CREATE TABLE `rex_62_type` ( `id` int(10) unsigned NOT NULL  auto_increment, `label` varchar(255) NULL  , `dbtype` varchar(255) NOT NULL  , `dblength` int(11) NOT NULL DEFAULT '0' , PRIMARY KEY (`id`)) TYPE=MyISAM;
INSERT INTO `rex_62_type` VALUES ('1','text','varchar','255');
INSERT INTO `rex_62_type` VALUES ('2','textarea','text','0');
INSERT INTO `rex_62_type` VALUES ('3','select','varchar','255');
INSERT INTO `rex_62_type` VALUES ('4','radio','varchar','255');
INSERT INTO `rex_62_type` VALUES ('5','checkbox','varchar','255');
INSERT INTO `rex_62_type` VALUES ('10','date','varchar','255');
INSERT INTO `rex_62_type` VALUES ('11','datetime','varchar','255');
INSERT INTO `rex_62_type` VALUES ('6','REX_MEDIA_BUTTON','varchar','255');
INSERT INTO `rex_62_type` VALUES ('7','REX_MEDIALIST_BUTTON','varchar','255');
INSERT INTO `rex_62_type` VALUES ('8','REX_LINK_BUTTON','varchar','255');
DROP TABLE IF EXISTS `rex_action`;
CREATE TABLE `rex_action` ( `id` int(11) NOT NULL  auto_increment, `name` varchar(255) NOT NULL  , `preview` text NULL  , `presave` text NULL  , `postsave` text NULL  , `previewmode` tinyint(4) NULL  , `presavemode` tinyint(4) NULL  , `postsavemode` tinyint(4) NULL  , `createuser` varchar(255) NOT NULL  , `createdate` int(11) NOT NULL DEFAULT '0' , `updateuser` varchar(255) NOT NULL  , `updatedate` int(11) NOT NULL DEFAULT '0' , `revision` int(11) NULL  , PRIMARY KEY (`id`)) TYPE=MyISAM;
DROP TABLE IF EXISTS `rex_article`;
CREATE TABLE `rex_article` ( `pid` int(11) NOT NULL  auto_increment, `id` int(11) NOT NULL DEFAULT '0' , `re_id` int(11) NOT NULL DEFAULT '0' , `name` varchar(255) NOT NULL  , `catname` varchar(255) NOT NULL  , `catprior` int(11) NOT NULL DEFAULT '0' , `attributes` text NOT NULL  , `startpage` tinyint(1) NOT NULL DEFAULT '0' , `prior` int(11) NOT NULL DEFAULT '0' , `path` varchar(255) NOT NULL  , `status` tinyint(1) NOT NULL DEFAULT '0' , `createdate` int(11) NOT NULL DEFAULT '0' , `updatedate` int(11) NOT NULL DEFAULT '0' , `template_id` int(11) NOT NULL DEFAULT '0' , `clang` int(11) NOT NULL DEFAULT '0' , `createuser` varchar(255) NOT NULL  , `updateuser` varchar(255) NOT NULL  , `revision` int(11) NULL  , `art_online_from` varchar(255) NULL  , `art_online_to` varchar(255) NULL  , `art_description` text NULL  , `art_keywords` text NULL  , `art_file` varchar(255) NULL  , `art_teaser` varchar(255) NULL  , `art_type_id` varchar(255) NULL  , `art_com_perm` varchar(255) NULL  , `abc` varchar(255) NOT NULL  , PRIMARY KEY (`pid`)) TYPE=MyISAM;
INSERT INTO `rex_article` VALUES ('1','1','0','Home','Home','1','','1','1','|','1','1212145395','1212179760','1','0','admin','admin','0','','','','','','','','','');
INSERT INTO `rex_article` VALUES ('2','2','0','_Usernavi','_Usernavi','6','','1','1','|','0','1212167827','1212169137','1','0','admin','admin','0','','','','','','','','','');
INSERT INTO `rex_article` VALUES ('3','3','2','Mein Profil','Mein Profil','1','','1','1','|2|','1','1212149431','1212155738','1','0','admin','admin','0','1212098400','1212098400','','','','||','Standard','1','');
INSERT INTO `rex_article` VALUES ('4','4','0','Suche nach Mitgliedern','Suche nach Mitgliedern','4','','1','1','|','1','1212145398','1212186016','1','0','admin','admin','0','','','','','','','','','');
INSERT INTO `rex_article` VALUES ('5','5','2','Kontakte','Kontakte','2','','1','1','|2|','1','1212149432','1212155774','1','0','admin','admin','0','1212098400','1212098400','','','','||','Standard','1','');
INSERT INTO `rex_article` VALUES ('6','6','2','Nachrichten','Nachrichten','3','','1','1','|2|','1','1212149433','1212155792','1','0','admin','admin','0','1212098400','1212098400','','','','||','Standard','1','');
INSERT INTO `rex_article` VALUES ('7','7','0','Foren','Foren','3','','1','1','|','1','1212145397','1212165384','1','0','admin','admin','0','','','','','','','','','');
INSERT INTO `rex_article` VALUES ('8','8','2','Rundmail','Rundmail','4','','1','1','|2|','1','1212149434','1212170475','1','0','admin','admin','0','1212098400','1212098400','','','','||','Standard','3','');
INSERT INTO `rex_article` VALUES ('9','9','0','Das AddOn','Das AddOn','2','','1','1','|','1','1212145396','1212190602','1','0','admin','admin','0','','','','','','','','','');
INSERT INTO `rex_article` VALUES ('10','10','4','Mitgliederdetails','Suche nach Mitgliedern','0','','0','2','|4|','1','1212050458','1212572567','1','0','admin','admin','0','1212530400','1212530400','','','','||','Standard','1','');
INSERT INTO `rex_article` VALUES ('11','11','5','Meine Kontakte','Meine Kontakte','1','','1','1','|2|5|','0','1212051079','1212159056','0','0','admin','admin','0','','','','','','','','','');
INSERT INTO `rex_article` VALUES ('12','12','5','Angefragte Kontakte','Angefragte Kontakte','2','','1','1','|2|5|','0','1212051086','1212159215','0','0','admin','admin','0','','','','','','','','','');
INSERT INTO `rex_article` VALUES ('13','13','5','Zu bestätigende Kontakte','Zu bestätigende Kontakte','3','','1','1','|2|5|','0','1212051094','1212159204','0','0','admin','admin','0','','','','','','','','','');
INSERT INTO `rex_article` VALUES ('14','14','3','Basisdaten','Basisdaten','1','','1','1','|2|3|','0','1212051113','1212186242','0','0','admin','admin','0','','','','','','','','','');
INSERT INTO `rex_article` VALUES ('15','15','3','Kontaktdaten','Kontaktdaten','2','','1','1','|2|3|','0','1212051120','1212163681','0','0','admin','admin','0','','','','','','','','','');
INSERT INTO `rex_article` VALUES ('16','16','3','Passwort','Passwort','4','','1','1','|2|3|','0','1212051128','1212154670','0','0','admin','admin','0','','','','','','','','','');
INSERT INTO `rex_article` VALUES ('17','17','3','Persönliches','Persönliches','3','','1','1','|2|3|','0','1212051134','1212160581','0','0','admin','admin','0','','','','','','','','','');
INSERT INTO `rex_article` VALUES ('18','18','3','Gästebuch','Gästebuch','5','','1','1','|2|3|','0','1212051141','1212161489','0','0','admin','admin','0','','','','','','','','','');
INSERT INTO `rex_article` VALUES ('19','19','6','Eingang','Eingang','1','','1','1','|2|6|','0','1212051912','1212162813','0','0','admin','admin','0','','','','','','','','','');
INSERT INTO `rex_article` VALUES ('20','20','6','Ausgang','Ausgang','2','','1','1','|2|6|','0','1212051919','1212162819','0','0','admin','admin','0','','','','','','','','','');
INSERT INTO `rex_article` VALUES ('21','21','6','Post abschicken','Post abschicken','3','','1','1','|2|6|','0','1212051927','1212165700','0','0','admin','admin','0','','','','','','','','','');
INSERT INTO `rex_article` VALUES ('22','22','0','_Community','_Community','7','','1','1','|','0','1212052208','1212145366','0','0','admin','admin','0','','','','','','','','','');
INSERT INTO `rex_article` VALUES ('23','23','22','Login','Login','1','','1','1','|22|','0','1212052225','1212052271','1','0','admin','admin','0','','','','','','','','','');
INSERT INTO `rex_article` VALUES ('24','24','22','Registrierung','Registrierung','2','','1','1','|22|','0','1212052232','1212152949','1','0','admin','admin','0','','','','','','','','','');
INSERT INTO `rex_article` VALUES ('25','25','22','Passwort vergessen','Passwort vergessen','3','','1','1','|22|','0','1212052241','1212153113','1','0','admin','admin','0','','','','','','','','','');
INSERT INTO `rex_article` VALUES ('26','26','24','Registierungsbestätigung','Registrierung','0','','0','2','|22|24|','0','1212052257','1212149758','1','0','admin','admin','0','','','','','','','','','');
INSERT INTO `rex_article` VALUES ('27','27','0','Impressum','Impressum','5','','1','1','|','1','1212190166','1212190571','1','0','admin','admin','0','','','','','','','','','');
DROP TABLE IF EXISTS `rex_article_slice`;
CREATE TABLE `rex_article_slice` ( `id` int(11) NOT NULL  auto_increment, `clang` int(11) NOT NULL DEFAULT '0' , `ctype` int(11) NOT NULL DEFAULT '0' , `re_article_slice_id` int(11) NOT NULL DEFAULT '0' , `value1` text NULL  , `value2` text NULL  , `value3` text NULL  , `value4` text NULL  , `value5` text NULL  , `value6` text NULL  , `value7` text NULL  , `value8` text NULL  , `value9` text NULL  , `value10` text NULL  , `value11` text NULL  , `value12` text NULL  , `value13` text NULL  , `value14` text NULL  , `value15` text NULL  , `value16` text NULL  , `value17` text NULL  , `value18` text NULL  , `value19` text NULL  , `value20` text NULL  , `file1` varchar(255) NULL  , `file2` varchar(255) NULL  , `file3` varchar(255) NULL  , `file4` varchar(255) NULL  , `file5` varchar(255) NULL  , `file6` varchar(255) NULL  , `file7` varchar(255) NULL  , `file8` varchar(255) NULL  , `file9` varchar(255) NULL  , `file10` varchar(255) NULL  , `filelist1` text NULL  , `filelist2` text NULL  , `filelist3` text NULL  , `filelist4` text NULL  , `filelist5` text NULL  , `filelist6` text NULL  , `filelist7` text NULL  , `filelist8` text NULL  , `filelist9` text NULL  , `filelist10` text NULL  , `link1` varchar(10) NULL  , `link2` varchar(10) NULL  , `link3` varchar(10) NULL  , `link4` varchar(10) NULL  , `link5` varchar(10) NULL  , `link6` varchar(10) NULL  , `link7` varchar(10) NULL  , `link8` varchar(10) NULL  , `link9` varchar(10) NULL  , `link10` varchar(10) NULL  , `linklist1` text NULL  , `linklist2` text NULL  , `linklist3` text NULL  , `linklist4` text NULL  , `linklist5` text NULL  , `linklist6` text NULL  , `linklist7` text NULL  , `linklist8` text NULL  , `linklist9` text NULL  , `linklist10` text NULL  , `php` text NULL  , `html` text NULL  , `article_id` int(11) NOT NULL DEFAULT '0' , `modultyp_id` int(11) NOT NULL DEFAULT '0' , `createdate` int(11) NOT NULL DEFAULT '0' , `updatedate` int(11) NOT NULL DEFAULT '0' , `createuser` varchar(255) NOT NULL  , `updateuser` varchar(255) NOT NULL  , `next_article_slice_id` int(11) NULL  , `revision` int(11) NULL  , PRIMARY KEY (`id`,`re_article_slice_id`,`article_id`,`modultyp_id`)) TYPE=MyISAM;
INSERT INTO `rex_article_slice` VALUES ('1','0','1','15','','','','','','','','','','','','','','','','','','','','','','','','','','','','','','','','','','','','','','','','','14','15','17','16','18','','','','','','','','','','','','','','','','','','3','7','1212148883','1212154643','admin','admin','0','0');
INSERT INTO `rex_article_slice` VALUES ('2','0','1','0','0','','html|<div class=\"spcl-bgcolor\">\r\nhtml|<input type=\"hidden\" name=\"tab\" value=\"0\" />\r\n\r\nobjparams|form_showformafterupdate|1\r\nobjparams|article_id|3\r\nobjparams|form_wrap|<div id=\"rex-form\" class=\"form-kontaktdaten\">#</div>\r\n\r\nshowvalue|login|Login\r\n\r\nselect|show_basisinfo|Basisdaten|Privat - unsichtbar für alle=0;Sichtbar für meine Kontakte=1;Öffentlich - für alle sichtbar=2\r\n\r\nmediapool|image|Persönliches Bild|3|100|jpg,gif,png\r\n\r\nselect|gender|Anrede *|Frau=2;Herr=1|2\r\ntext|firstname|Vorname *:\r\ntext|name|Nachname *:\r\n\r\ntextarea|motto|Mein Motto\r\n\r\nobjparams|submit_btn_show|0\r\nsubmit||Abschicken|no_db\r\n\r\nvalidate|notEmpty|gender|Bitte wählen Sie Ihr Geschlecht aus\r\nvalidate|notEmpty|firstname|Bitte geben Sie Ihren Vornamen ein.\r\nvalidate|notEmpty|name|Bitte geben Sie Ihren Namen ein.\r\n\r\nhtml|<div class=\"clearer\"> </div></div>','','','Vielen Dank für die Aktualisierung','0','rex_com_user','<?php \r\n\r\n$user_id = 0;\r\nif (isset($REX[\"COM_USER\"]) && is_object($REX[\"COM_USER\"])) $user_id = $REX[\"COM_USER\"]->getValue(\"id\");\r\n$xform->setObjectparams(\"main_where\",\"id=$user_id\");\r\n\r\n?>','Ja','','','','','','','','','','','','','','','','','','','','','','','','','','','','','','','','','','','','','','','','','','','','','','','','','','','','','14','5','1212148925','1212186242','admin','admin','0','0');
INSERT INTO `rex_article_slice` VALUES ('14','0','1','0','0','','html|<div class=\"spcl-bgcolor\">\r\nhidden|tab||REQUEST|no_db\r\n\r\nobjparams|form_showformafterupdate|1\r\nobjparams|article_id|3\r\nobjparams|form_wrap|<div id=\"rex-form\" class=\"form-kontaktdaten\">#</div>\r\n\r\nselect|show_contactinfo|Kontaktdaten|Privat - unsichtbar für alle=0;Sichtbar für meine Kontakte=1;Öffentlich - für alle sichtbar=2\r\n\r\ncheckbox|sendemail_contactrequest|E-Mail senden wenn Kontakt angefragt wurde|1\r\n\r\ntext|street|Strasse\r\n\r\ntext|zip|Postleitzahl\r\ntext|city|Ort\r\n\r\nshowvalue|email|E-Mail\r\n\r\ntext|phone|Telefonnummer\r\ntext|fax|Fax\r\ntext|icq|ICQ\r\ntext|skype|Skype\r\n\r\nobjparams|submit_btn_show|0\r\nsubmit||Abschicken|no_db\r\n\r\nhtml|<div class=\"clearer\"> </div></div>','','','Vielen Dank für die Aktualisierung','0','rex_com_user','<?php \r\n\r\n$user_id = 0;\r\nif (isset($REX[\"COM_USER\"]) && is_object($REX[\"COM_USER\"])) $user_id = $REX[\"COM_USER\"]->getValue(\"id\");\r\n$xform->setObjectparams(\"main_where\",\"id=$user_id\");\r\n\r\n?>','Ja','','','','','','','','','','','','','','','','','','','','','','','','','','','','','','','','','','','','','','','','','','','','','','','','','','','','','15','5','1212154599','1212163681','admin','admin','0','0');
INSERT INTO `rex_article_slice` VALUES ('3','0','1','0','0','','html|<div class=\"spcl-bgcolor\">\r\n\r\nhidden|tab|2|REQUEST|no_db\r\nobjparams|form_showformafterupdate|1\r\nobjparams|article_id|3\r\nobjparams|form_wrap|<div id=\"rex-form\" class=\"form-kontaktdaten\">#</div>\r\n\r\npassword|password|Passwort\r\npassword|password_2|Passwort wiederholen||no_db\r\n\r\nobjparams|submit_btn_show|0\r\nsubmit||Abschicken|no_db\r\n\r\nvalidate|compare|password|password_2|Bitte geben Sie das gleiche Passwort ein\r\nvalidate|notEmpty|password|Bitte geben Sie ein Passwort ein.\r\n\r\nhtml|<div class=\"clearer\"> </div></div>','','','Passwort wurde aktualisiert','0','rex_com_user','<?php \r\n\r\n$user_id = 0;\r\nif (isset($REX[\"COM_USER\"]) && is_object($REX[\"COM_USER\"])) $user_id = $REX[\"COM_USER\"]->getValue(\"id\");\r\n$xform->setObjectparams(\"main_where\",\"id=$user_id\");\r\n\r\n?>','','','','','','','','','','','','','','','','','','','','','','','','','','','','','','','','','','','','','','','','','','','','','','','','','','','','','','16','5','1212149080','1212154670','admin','admin','0','0');
INSERT INTO `rex_article_slice` VALUES ('4','0','1','0','0','','html|<div class=\"spcl-bgcolor\">\r\nhidden|tab||REQUEST|no_db\r\nhidden|article_id||REQUEST|no_db\r\n\r\nobjparams|form_showformafterupdate|1\r\nobjparams|article_id|3\r\nobjparams|form_wrap|<div id=\"rex-form\" class=\"form-kontaktdaten\">#</div>\r\n\r\nselect|show_personalinfo|Persönliche Daten|Privat - unsichtbar für alle=0;Sichtbar für meine Kontakte=1;Öffentlich - für alle sichtbar=2\r\n\r\ncheckbox|sendemail_guestbook|E-Mail senden wenn ein neuer Gästebucheintrag vorhanden ist.|1\r\n\r\nbirthday|birthday|Geburtsdatum \r\ntextarea|hobby|Hobbies\r\ntextarea|interests|Mich interessiert\r\ntextarea|more|Mehr über mich\r\n\r\n\r\nobjparams|submit_btn_show|0\r\nsubmit||Abschicken|no_db\r\n\r\nhtml|<div class=\"clearer\"> </div></div>','','','Vielen Dank für die Aktualisierung','0','rex_com_user','<?php \r\n\r\n$user_id = 0;\r\nif (isset($REX[\"COM_USER\"]) && is_object($REX[\"COM_USER\"])) $user_id = $REX[\"COM_USER\"]->getValue(\"id\");\r\n// $mainwhere = \"id=$user_id\"; \r\n$xform->setObjectparams(\"main_where\",\"id=$user_id\");\r\n\r\n?>','Ja','','','','','','','','','','','','','','','','','','','','','','','','','','','','','','','','','','','','','','','','','','','','','','','','','','','','','17','5','1212149166','1212160581','admin','admin','0','0');
INSERT INTO `rex_article_slice` VALUES ('5','0','1','16','','','','','','','','','','','','','','','','','','','','','','','','','','','','','','','','','','','','','','','','','11','12','13','','','','','','','','','','','','','','','','','','','','5','7','1212149374','0','admin','','0','0');
INSERT INTO `rex_article_slice` VALUES ('6','0','1','17','','','','','','','','','','','','','','','','','','','','','','','','','','','','','','','','','','','','','','','','','19','20','21','','','','','','','','','','','','','','','','','','','','6','7','1212149423','0','admin','','0','0');
INSERT INTO `rex_article_slice` VALUES ('7','0','1','12','','','html|<div class=\"com-tab com-tab-no-navi\"><div class=\"com-tab-cntnt\"><div class=\"com-tab-cntnt-2\"><div class=\"com-tab-cntnt-3\">\r\n\r\ngenerate_key|activation_key\r\nhidden|status|0\r\nhidden|sendemail_newletter|1\r\nobjparams|form_wrap|<div id=\"rex-form\" class=\"form-register\">#</div>\r\n\r\n\r\nfieldset|Login-Daten:\r\ntext|login|Benutzername:*|\r\n\r\npassword|password|Ihr persönliches Passwort:*|\r\npassword|password_2|Ihr persönliches Passwort bestätigen:*||no_db\r\ntext|email|E-Mail:*|\r\nmailto|email\r\n\r\nfieldset|Stammdaten:\r\nselect|gender|Anrede *|Frau=2;Herr=1|2\r\ntext|firstname|Vorname:*|\r\ntext|name|Nachname:*|\r\n\r\n\r\nhtml|* Pflichtfelder\r\n\r\ncaptcha|Bitte geben Sie den entsprechenden Sicherheitscode ein|Falsche Eingabe des Codes\r\n\r\nobjparams|submit_btn_show|0\r\nsubmit||Abschicken|no_db\r\n\r\n\r\nvalidate|notEmpty|firstname|Bitte geben Sie Ihren Vornamen ein.\r\nvalidate|notEmpty|name|Bitte geben Sie Ihren Namen ein.\r\nvalidate|email|email|Bitte geben Sie die E-Mail ein.\r\nvalidate|unique|email|Diese E-Mail existiert schon\r\nvalidate|unique|login|Dieses Login existiert schon\r\nvalidate|notEmpty|login|Bitte geben Sie Ihr Login ein.\r\nvalidate|notEmpty|password|Bitte geben Sie ein Passwort ein.\r\nvalidate|compare|password|password_2|Bitte geben Sie zweimal das gleiche Passwort ein\r\n\r\naction|db|rex_com_user\r\naction|db2email|register|email\r\n\r\nhtml|</div></div></div></div>','','','Vielen Dank für Ihre Registrierung!','0','rex_com_user','','','','','','','','','','','','','','','','','','','','','','','','','','','','','','','','','','','','','','','','','','','','','','','','','','','','','','','24','5','1212149588','0','admin','','0','0');
INSERT INTO `rex_article_slice` VALUES ('8','0','1','13','','','html|<div class=\"com-tab com-tab-no-navi\"><div class=\"com-tab-cntnt\"><div class=\"com-tab-cntnt-2\"><div class=\"com-tab-cntnt-3\">\r\n\r\nfieldset|\r\n\r\ntext|login|Login:\r\ncaptcha|Bitte geben Sie diese Buchstabenfolge hier ein:|Die Kontrollbuchstaben waren falsch\r\nobjparams|form_wrap|<div id=\"rex-form\" class=\"form-pswvergessen\">#</div>\r\n\r\nobjparams|submit_btn_show|0\r\nsubmit||Absenden|[no_db]\r\n\r\nvalidate|notEmpty|login|Bitte geben Sie ein Login ein\r\nvalidate|existintable|login|rex_com_user|login|Dieses Login existiert nicht.\r\n\r\naction|readtable|rex_com_user|login|login\r\naction|db2email|send_password|email\r\n\r\nhtml|<div class=\"clearer\"></div></div></div></div></div>','','','Vielen Dank. Ihnen wurde soeben das Passwort zugesendet.','0','','<?php \r\n\r\n$xform->setObjectparams(\"main_where\",\'login=\"###login###\"\');\r\n\r\n?>','','','','','','','','','','','','','','','','','','','','','','','','','','','','','','','','','','','','','','','','','','','','','','','','','','','','','','25','5','1212149697','0','admin','','0','0');
INSERT INTO `rex_article_slice` VALUES ('9','0','1','0','0','','hidden|status|1\r\nobjparams|Error-occured|Die Bestätigung ist leider fehlgeschlagen\r\nobjparams|Error-Code-EntryNotFound|Ihr Eintrag wurde nicht gefunden\r\nobjparams|submit_btn_show|0\r\nobjparams|send|1\r\n','','','Vielen Dank für Ihre Bestätigung. Ihr Zugang ist nun freigeschaltet. ','0','rex_com_user','<?php\r\n\r\n$uid = rex_request(\"uid\",\"int\",0);\r\n$activation_key = rex_request(\"activation_key\",\"string\",\"\");\r\n$login = rex_request(\"login\",\"string\",\"\");\r\n$mainwhere = \'id=\'.$uid.\' AND activation_key=\"\'.$activation_key.\'\" AND login=\"\'.$login.\'\"\';\r\n$xform->setObjectparams(\"main_where\",$mainwhere);\r\n\r\n?>','','','','','','','','','','','','','','','','','','','','','','','','','','','','','','','','','','','','','','','','','','','','','','','','','','','','','','26','5','1212149758','0','admin','','0','0');
INSERT INTO `rex_article_slice` VALUES ('10','0','1','39','','','','','','','','','','','','','','','','','','','','','','','','','','','','','','','','','','','','','','','','','','','','','','','','','','','','','','','','','','','','','','','4','8','1212149873','0','admin','','0','0');
INSERT INTO `rex_article_slice` VALUES ('11','0','1','40','','','','','','','','','','','','','','','','','','','','','','','','','','','','','','','','','','','','','','','','','','','','','','','','','','','','','','','','','','','','','','','10','9','1212149908','0','admin','','0','0');
INSERT INTO `rex_article_slice` VALUES ('12','0','1','0','Registrierung','','','','','','','','','','','','','','','','','','','','','','','','','','','','','','','','','','','','','','','','','','','','','','','','','','','','','','','','','','','','','','24','1','1212152949','0','admin','','0','0');
INSERT INTO `rex_article_slice` VALUES ('13','0','1','0','Passwort vergessen?','','','','','','','','','','','','','','','','','','','','','','','','','','','','','','','','','','','','','','','','','','','','','','','','','','','','','','','','','','','','','','25','1','1212153113','0','admin','','0','0');
INSERT INTO `rex_article_slice` VALUES ('15','0','1','0','Mein Profil','','','','','','','','','','','','','','','','','','','','','','','','','','','','','','','','','','','','','','','','','','','','','','','','','','','','','','','','','','','','','','3','1','1212155738','0','admin','','0','0');
INSERT INTO `rex_article_slice` VALUES ('16','0','1','0','Kontakte','','','','','','','','','','','','','','','','','','','','','','','','','','','','','','','','','','','','','','','','','','','','','','','','','','','','','','','','','','','','','','5','1','1212155774','0','admin','','0','0');
INSERT INTO `rex_article_slice` VALUES ('17','0','1','0','Nachrichten','','','','','','','','','','','','','','','','','','','','','','','','','','','','','','','','','','','','','','','','','','','','','','','','','','','','','','','','','','','','','','6','1','1212155792','0','admin','','0','0');
INSERT INTO `rex_article_slice` VALUES ('18','0','1','0','0','','','','','','','','','','','','','','','','','','','','','','','','','','','','','','','','','','','','','','','','5','','','','','','','','','','','','','','','','','','','','','','11','10','1212159056','0','admin','','0','0');
INSERT INTO `rex_article_slice` VALUES ('19','0','1','0','1','','','','','','','','','','','','','','','','','','','','','','','','','','','','','','','','','','','','','','','','5','','','','','','','','','','','','','','','','','','','','','','12','10','1212159188','1212159215','admin','admin','0','0');
INSERT INTO `rex_article_slice` VALUES ('20','0','1','0','2','','','','','','','','','','','','','','','','','','','','','','','','','','','','','','','','','','','','','','','','5','','','','','','','','','','','','','','','','','','','','','','13','10','1212159204','0','admin','','0','0');
INSERT INTO `rex_article_slice` VALUES ('21','0','1','0','4','','','','','','','','','','','','','','','','','','','','','','','','','','','','','','','','','','','','','','','','3','','','','','','','','','','','','','','','','','','','','','','18','12','1212161489','0','admin','','0','0');
INSERT INTO `rex_article_slice` VALUES ('22','0','1','31','Startseite','','','','','','','','','','','','','','','','','','','','','','','','','','','','','','','','','','','','','','','','','','','','','','','','','','','','','','','','','','','','','','1','1','1212161492','0','admin','','0','0');
INSERT INTO `rex_article_slice` VALUES ('23','0','1','22','Mit Blindheit per Definition geschlagen, dennoch nicht unsichtbar, präsentiere ich mich als unbeachtetes und ungeliebtes Stiefkind zeitgenössischer Literatur. Meine Bestimmung liegt - wie ich selbst - in engen Grenzen und ist rein platzhalterischer Natur. Kann ein missbrauchtes Wortgefüge eigentlich noch Schlimmeres erleiden, als Blindtext erdacht und vor der Öffentlichkeit versteckt zu werden?','','','','','','','0','t','','','','','','','','','','','','visual.jpg','','','','','','','','','','','','','','','','','','','','','','','','','','','','','','','','','','','','','','','','','','1','2','1212161971','1212165225','admin','admin','0','0');
INSERT INTO `rex_article_slice` VALUES ('41','0','1','42','Design und Community AddOn von:\r\n\r\nYakamara Media GmbH & Co. KG\r\nAnsprechpartner: Jan Kristinus\r\nWandersmannstraße 68\r\n65205 Wiesbaden\r\n\r\nTel +49 611 504.599.21\r\nFax +49 611 504.599.30\r\n\r\nE-Mail info[at]redaxo.de\r\nInternet \"http://www.yakamara.de\":http://www.yakamara.de\r\nInternet \"http://www.redaxo.de\":http://www.redaxo.de\r\n\r\nmit freundlicher Unterstützung von Thomas Blum (CSS).\r\n\r\nDesign nur verwendbar mit Google Adsense Leiste oder Spende an \"REDAXO\":http://www.redaxo.de (Rechnung kann gestellt werden)\r\n\r\nPhoto von \"www.istockphoto.com\":http://www.istockphoto.com, weitere Nutzung nicht erlaubt.\r\n\r\n','','','','','','','1','l','','','','','','','','','','','','','','','','','','','','','','','','','','','','','','','','','','','','','','','','','','','','','','','','','','','','','','27','2','1212190225','1212190571','admin','admin','0','0');
INSERT INTO `rex_article_slice` VALUES ('25','0','1','23','Mit Blindheit per Definition geschlagen, dennoch nicht unsichtbar, präsentiere ich mich als unbeachtetes und ungeliebtes Stiefkind zeitgenössischer Literatur. Meine Bestimmung liegt – wie ich selbst – in engen Grenzen und ist rein platzhalterischer Natur. Kann ein missbrauchtes Wortgefüge eigentlich noch Schlimmeres erleiden, als Blindtext erdacht und vor der Öffentlichkeit versteckt zu werden?','','','','','','','','r','','','','','','','','','','','','visual_2.jpg','','','','','','','','','','','','','','','','','','','','','','','','','','','','','','','','','','','','','','','','','','1','2','1212162216','0','admin','','0','0');
INSERT INTO `rex_article_slice` VALUES ('39','0','1','0','Suche nach Mitgliedern','','','','','','','','','','','','','','','','','','','','','','','','','','','','','','','','','','','','','','','','','','','','','','','','','','','','','','','','','','','','','','4','1','1212186016','0','admin','','0','0');
INSERT INTO `rex_article_slice` VALUES ('40','0','1','0','Mitgliederdetails','','','','','','','','','','','','','','','','','','','','','','','','','','','','','','','','','','','','','','','','','','','','','','','','','','','','','','','','','','','','','','10','1','1212186025','0','admin','','0','0');
INSERT INTO `rex_article_slice` VALUES ('26','0','1','0','0','0','','','','','','','','','','','','','','','','','','','','','','','','','','','','','','','','','','','','','','','6','','','','','','','','','','','','','','','','','','','','','','19','14','1212162771','0','admin','','0','0');
INSERT INTO `rex_article_slice` VALUES ('27','0','1','0','1','1','','','','','','','','','','','','','','','','','','','','','','','','','','','','','','','','','','','','','','','20','','','','','','','','','','','','','','','','','','','','','','20','14','1212162787','0','admin','','0','0');
INSERT INTO `rex_article_slice` VALUES ('28','0','1','0','','','html|<div class=\"spcl-bgcolor\">\r\nobjparams|form_wrap|<div id=\"rex-form\" class=\"form-messagesend\">#</div>\r\n\r\nfieldset|\r\nhidden|tab|0|REQUEST|no_db\r\nhidden|article_id||REQUEST|no_db\r\n\r\ntimestamp|create_datetime\r\ncom_user|user_id|id||hidden\r\ncom_user|from_user_id|id|Absender\r\ncom_messageto|to_user_id|Empfänger\r\ntext|subject|Betreff\r\ntextarea|body|Nachricht\r\n\r\n\r\nobjparams|submit_btn_show|0\r\nsubmit||Abschicken|no_db\r\n\r\nvalidate|notEmpty|subject|Bitte geben Sie den Betreff ein\r\nvalidate|notEmpty|body|Bitte geben Sie die Nachricht ein\r\n\r\naction|db|rex_com_message\r\naction|user_action|to_user_id|sendemail_newmessage\r\naction|copy_value|to_user_id|user_id\r\naction|db|rex_com_message\r\n\r\nhtml|<div class=\"clearer\"> </div></div>','','','Ihre Nachricht wurde versendet','0','rex_com_message','','','','','','','','','','','','','','','','','','','','','','','','','','','','','','','','','','','','','','','','','','','','','','','','','','','','','','','21','5','1212163014','1212165700','admin','admin','0','0');
INSERT INTO `rex_article_slice` VALUES ('33','0','1','0','allgemein','Allgemeines Board','','','','','user','','','','','','','','','','','','','','','','','','','','','','','','','','','','','','','','','','','','','','','','','','','','','','','','','','','','','','','','7','16','1212165384','0','admin','','0','0');
INSERT INTO `rex_article_slice` VALUES ('31','0','2','0','liegt – wie ich selbst – in engen Grenzen und ist rein platzhalterischer Natur. Kann ein missbrauchtes Wortgefüge eigentlich noch Schlimmeres erleiden, als Blindtext erdacht und vor der Öffentlichkeit versteckt zu werden?','Meine',' / Bestimmung','','','','','1','t','','','','','','','','','','','','visual_2.jpg','','','','','','','','','','','','','','','','','','','','','','','','','','','','','','','','','','','','','','','','','','1','2','1212164767','0','admin','','0','0');
INSERT INTO `rex_article_slice` VALUES ('37','0','1','38','','','html|<div class=\"com-tab com-tab-no-navi\"><div class=\"com-tab-cntnt\"><div class=\"com-tab-cntnt-2\"><div class=\"com-tab-cntnt-3\">\r\n\r\nobjparams|form_wrap|<div id=\"rex-form\" class=\"form-messagesend\">#</div>\r\nhtml|<div class=\"spcl-bgcolor\">\r\n\r\ntimestamp|create_datetime\r\n\r\ncom_user|user_id|id||hidden\r\ncom_user|from_user_id|id|Absender\r\n\r\ntext|subject|Betreff\r\ntextarea|body|Nachricht\r\n\r\nobjparams|submit_btn_show|0\r\n\r\nsubmit|submit|Abschicken|no_db\r\n\r\n\r\nvalidate|notEmpty|subject|Bitte geben Sie den Betreff ein\r\nvalidate|notEmpty|body|Bitte geben Sie die Nachricht ein\r\n\r\naction|com_send_msg2all|subject|body|user_id\r\n\r\nhtml|<div class=\"clearer\"> </div></div>\r\n\r\nhtml|</div>\r\nhtml|</div>\r\n\r\nhtml|</div>\r\nhtml|</div>\r\n','','','Vielen Dank für den Versand der Rundmail','0','','','','','','','','','','','','','','','','','','','','','','','','','','','','','','','','','','','','','','','','','','','','','','','','','','','','','','','','8','5','1212170082','1212170437','admin','admin','0','0');
INSERT INTO `rex_article_slice` VALUES ('34','0','2','0','Rechts ist nun der private Bereich zu sehen. \r\n\r\nMit Blindheit per Definition geschlagen, dennoch nicht unsichtbar, präsentiere ich mich als unbeachtetes und ungeliebtes Stiefkind zeitgenössischer Literatur. Meine Bestimmung liegt – wie ich selbst – in engen Grenzen','Community Demo','Privater Bereich','','','','','1','l','','','','','','','','','','','','','','','','','','','','','','','','','','','','','','','','','','','','','','','','','','','','','','','','','','','','','','2','2','1212165634','1212169137','admin','admin','0','0');
INSERT INTO `rex_article_slice` VALUES ('36','0','1','25','','','','','','','','','','','','','','','','','','','','','','','','','','','','','','','','','','','','','','','','','','','','','','','','','','','','','','','','','','','','','','','1','18','1212166745','0','admin','','0','0');
INSERT INTO `rex_article_slice` VALUES ('38','0','1','0','Rundmail senden','','','','','','','','','','','','','','','','','','','','','','','','','','','','','','','','','','','','','','','','','','','','','','','','','','','','','','','','','','','','','','8','1','1212170475','0','admin','','0','0');
INSERT INTO `rex_article_slice` VALUES ('42','0','1','0','Impressum','','','','','','','','','','','','','','','','','','','','','','','','','','','','','','','','','','','','','','','','','','','','','','','','','','','','','','','','','','','','','','27','1','1212190237','0','admin','','0','0');
INSERT INTO `rex_article_slice` VALUES ('43','0','1','0','Das AddOn','','','','','','','','','','','','','','','','','','','','','','','','','','','','','','','','','','','','','','','','','','','','','','','','','','','','','','','','','','','','','','9','1','1212190602','0','admin','','0','0');
DROP TABLE IF EXISTS `rex_clang`;
CREATE TABLE `rex_clang` ( `id` int(11) NOT NULL DEFAULT '0' , `name` varchar(255) NOT NULL  , `revision` int(11) NULL  , PRIMARY KEY (`id`)) TYPE=MyISAM;
INSERT INTO `rex_clang` VALUES ('0','deutsch','0');
DROP TABLE IF EXISTS `rex_com_board`;
CREATE TABLE `rex_com_board` ( `message_id` int(11) NOT NULL  auto_increment, `re_message_id` int(11) NOT NULL DEFAULT '0' , `last_message_id` int(11) NOT NULL DEFAULT '0' , `board_id` varchar(255) NOT NULL  , `user_id` varchar(255) NOT NULL  , `user_email` varchar(255) NOT NULL  , `user_registered` tinyint(1) NOT NULL DEFAULT '0' , `replies` int(11) NOT NULL DEFAULT '0' , `last_entry` varchar(255) NOT NULL  , `subject` varchar(255) NOT NULL  , `message` text NOT NULL  , `stamp` int(11) NOT NULL DEFAULT '0' , `status` int(1) NOT NULL DEFAULT '0' , `file_id` int(11) NOT NULL DEFAULT '0' , PRIMARY KEY (`message_id`)) TYPE=MyISAM;
DROP TABLE IF EXISTS `rex_com_comment`;
CREATE TABLE `rex_com_comment` ( `id` int(11) NOT NULL  auto_increment, `user_id` int(11) NOT NULL DEFAULT '0' , `article_id` int(11) NOT NULL DEFAULT '0' , `comment` text NOT NULL  , `status` tinyint(4) NOT NULL DEFAULT '0' , `create_datetime` int(11) NOT NULL DEFAULT '0' , PRIMARY KEY (`id`)) TYPE=MyISAM;
DROP TABLE IF EXISTS `rex_com_contact`;
CREATE TABLE `rex_com_contact` ( `id` int(11) NOT NULL  auto_increment, `user_id` int(11) NOT NULL DEFAULT '0' , `to_user_id` int(11) NOT NULL DEFAULT '0' , `requested` tinyint(4) NOT NULL DEFAULT '0' , `accepted` tinyint(4) NOT NULL DEFAULT '0' , `create_datetime` int(11) NOT NULL DEFAULT '0' , PRIMARY KEY (`id`)) TYPE=MyISAM;
DROP TABLE IF EXISTS `rex_com_guestbook`;
CREATE TABLE `rex_com_guestbook` ( `id` int(11) NOT NULL  auto_increment, `user_id` int(11) NOT NULL DEFAULT '0' , `from_user_id` int(11) NOT NULL DEFAULT '0' , `text` longtext NOT NULL  , `create_datetime` int(11) NOT NULL DEFAULT '0' , PRIMARY KEY (`id`)) TYPE=MyISAM;
DROP TABLE IF EXISTS `rex_com_message`;
CREATE TABLE `rex_com_message` ( `id` int(11) NOT NULL  auto_increment, `user_id` int(11) NOT NULL DEFAULT '0' , `from_user_id` int(11) NOT NULL DEFAULT '0' , `to_user_id` int(11) NOT NULL DEFAULT '0' , `subject` varchar(255) NOT NULL  , `body` mediumtext NOT NULL  , `create_datetime` int(11) NOT NULL DEFAULT '0' , `deleted` tinyint(4) NOT NULL DEFAULT '0' , PRIMARY KEY (`id`)) TYPE=MyISAM;
DROP TABLE IF EXISTS `rex_com_user`;
CREATE TABLE `rex_com_user` ( `id` int(11) NOT NULL  auto_increment, `admin` tinyint(4) NOT NULL DEFAULT '0' , `login` varchar(255) NOT NULL  , `password` varchar(255) NOT NULL  , `gender` char(1) NOT NULL  , `name` varchar(255) NOT NULL  , `firstname` varchar(255) NOT NULL  , `image` varchar(255) NOT NULL  , `street` varchar(255) NOT NULL  , `zip` varchar(255) NOT NULL  , `city` varchar(255) NOT NULL  , `email` varchar(255) NOT NULL  , `phone` varchar(255) NOT NULL  , `hobby` text NOT NULL  , `interests` text NOT NULL  , `more` text NOT NULL  , `status` int(11) NOT NULL DEFAULT '0' , `email_checked` int(11) NOT NULL DEFAULT '0' , `activation_key` varchar(255) NOT NULL  , `last_newsletterid` varchar(255) NOT NULL  , `session_id` varchar(255) NOT NULL  , `last_xs` int(11) NOT NULL DEFAULT '0' , `last_login` int(11) NOT NULL DEFAULT '0' , `show_contactinfo` tinyint(4) NOT NULL DEFAULT '0' , `show_personalinfo` tinyint(4) NOT NULL DEFAULT '0' , `sendemail_guestbook` tinyint(4) NOT NULL DEFAULT '0' , `sendemail_contactrequest` tinyint(4) NOT NULL DEFAULT '0' , `sendemail_newmessage` tinyint(4) NOT NULL DEFAULT '0' , `show_guestbook` int(11) NOT NULL DEFAULT '0' , `moderator` tinyint(4) NOT NULL DEFAULT '0' , `activity` int(11) NOT NULL DEFAULT '0' , `sendemail_newletter` tinyint(4) NOT NULL DEFAULT '0' , `online_status` tinyint(4) NOT NULL DEFAULT '0' , `motto` text NOT NULL  , PRIMARY KEY (`id`)) TYPE=MyISAM;
DROP TABLE IF EXISTS `rex_com_user_field`;
CREATE TABLE `rex_com_user_field` ( `id` int(11) NOT NULL  auto_increment, `prior` int(11) NOT NULL DEFAULT '0' , `name` varchar(255) NOT NULL  , `userfield` varchar(255) NOT NULL  , `type` int(11) NOT NULL DEFAULT '0' , `extra1` varchar(255) NOT NULL  , `extra2` varchar(255) NOT NULL  , `extra3` varchar(255) NOT NULL  , `inlist` tinyint(4) NOT NULL DEFAULT '0' , `editable` tinyint(4) NOT NULL DEFAULT '0' , `mandatory` tinyint(4) NOT NULL DEFAULT '0' , `defaultvalue` varchar(255) NOT NULL  , PRIMARY KEY (`id`)) TYPE=MyISAM;
INSERT INTO `rex_com_user_field` VALUES ('1','10','Login','login','2','','','','1','1','1','');
INSERT INTO `rex_com_user_field` VALUES ('2','20','Passwort','password','2','','','','0','1','0','');
INSERT INTO `rex_com_user_field` VALUES ('3','30','Email','email','2','','','','1','1','0','');
INSERT INTO `rex_com_user_field` VALUES ('4','40','Status','status','5','0=inaktiv|1=aktiv|2=angefragt','','','1','1','1','');
INSERT INTO `rex_com_user_field` VALUES ('5','100','session_id','session_id','2','','','','0','1','0','');
INSERT INTO `rex_com_user_field` VALUES ('6','110','last_xs','last_xs','1','','','','0','1','0','');
INSERT INTO `rex_com_user_field` VALUES ('7','120','last_login','last_login','1','','','','0','1','0','');
INSERT INTO `rex_com_user_field` VALUES ('8','140','email_checked','email_checked','6','','','','0','1','0','');
INSERT INTO `rex_com_user_field` VALUES ('9','150','activation_key','activation_key','2','','','','0','1','0','');
INSERT INTO `rex_com_user_field` VALUES ('10','160','last_newsletterid','last_newsletterid','2','','','','0','1','0','');
INSERT INTO `rex_com_user_field` VALUES ('11','200','gender','gender','5','1=m&auml;nnlich|2=weiblich','','','0','1','0','');
INSERT INTO `rex_com_user_field` VALUES ('36','205','Bildname','image','2','','','','1','1','0','');
INSERT INTO `rex_com_user_field` VALUES ('12','210','Name','name','2','','','','1','1','0','');
INSERT INTO `rex_com_user_field` VALUES ('14','220','Vorname','firstname','2','','','','1','1','0','');
INSERT INTO `rex_com_user_field` VALUES ('15','230','Strasse','street','2','','','','0','1','0','');
INSERT INTO `rex_com_user_field` VALUES ('16','240','PLZ','zip','2','','','','0','1','0','');
INSERT INTO `rex_com_user_field` VALUES ('17','250','Ort/Stadt','city','2','','','','0','1','0','');
INSERT INTO `rex_com_user_field` VALUES ('18','260','Telefon','phone','2','','','','0','1','0','');
INSERT INTO `rex_com_user_field` VALUES ('39','261','Fax','fax','2','','','','0','1','0','');
INSERT INTO `rex_com_user_field` VALUES ('40','262','ICQ','icq','2','','','','0','1','0','');
INSERT INTO `rex_com_user_field` VALUES ('41','263','Skype','skype','2','','','','0','1','0','');
INSERT INTO `rex_com_user_field` VALUES ('13','280','Geburtstag','birthday','2','','','','1','1','0','');
INSERT INTO `rex_com_user_field` VALUES ('37','299','Basisinfo anzeigen','show_basisinfo','5','0=Privat - unsichtbar f&uuml;r alle|1=Sichtbar f&uuml;r meine Kontakte|2=&ouml;ffentlich - f&uuml;r alle sichtbar','','','0','1','1','0');
INSERT INTO `rex_com_user_field` VALUES ('19','300','Kontaktinfo anzeigen','show_contactinfo','5','0=Privat - unsichtbar f&uuml;r alle|1=Sichtbar f&uuml;r meine Kontakte|2=&ouml;ffentlich - f&uuml;r alle sichtbar','','','0','1','1','0');
INSERT INTO `rex_com_user_field` VALUES ('20','310','Persönlich Infos anzeigen','show_personalinfo','5','0=Privat - unsichtbar für alle|1=Sichtbar f&uuml;r meine Kontakte|2=&ouml;ffentlich - f&uuml;r alle sichtbar','','','0','1','1','0');
INSERT INTO `rex_com_user_field` VALUES ('22','320','G&auml;stebuch anzeigen','show_guestbook','5','0=Privat - unsichtbar f&uuml;r alle|1=Sichtbar f&uuml;r meine Kontakte|2=&ouml;ffentlich - f&uuml;r alle sichtbar','','','0','1','1','0');
INSERT INTO `rex_com_user_field` VALUES ('23','330','E-Mail bei Kontaktanfrage','sendemail_contactrequest','6','','','','0','1','0','0');
INSERT INTO `rex_com_user_field` VALUES ('24','340','E-Mail bei neuer Nachricht','sendemail_newmessage','6','','','','0','1','0','0');
INSERT INTO `rex_com_user_field` VALUES ('25','350','E-Mail bei neuem Gästebucheintrag','sendemail_guestbook','6','','','','0','1','0','0');
INSERT INTO `rex_com_user_field` VALUES ('26','400','Admin','admin','6','','','','1','1','0','0');
INSERT INTO `rex_com_user_field` VALUES ('27','410','Moderator','moderator','6','','','','0','1','0','0');
INSERT INTO `rex_com_user_field` VALUES ('28','500','Meine Hobbies','hobby','3','','','','0','1','0','');
INSERT INTO `rex_com_user_field` VALUES ('29','510','Mich interessiert','interests','3','','','','0','1','0','');
INSERT INTO `rex_com_user_field` VALUES ('30','520','Mehr &uuml;ber mich','more','3','','','','0','1','0','');
INSERT INTO `rex_com_user_field` VALUES ('31','170','activity','activity','1','','','','0','1','0','50');
INSERT INTO `rex_com_user_field` VALUES ('35','610','motto','motto','3','','','','0','1','0','');
INSERT INTO `rex_com_user_field` VALUES ('33','360','Newsletter empfangen','sendemail_newletter','6','','','','0','1','0','');
INSERT INTO `rex_com_user_field` VALUES ('34','105','online_status','online_status','6','','','','0','0','0','0');
DROP TABLE IF EXISTS `rex_file`;
CREATE TABLE `rex_file` ( `file_id` int(11) NOT NULL  auto_increment, `re_file_id` int(11) NOT NULL DEFAULT '0' , `category_id` int(11) NOT NULL DEFAULT '0' , `attributes` text NULL  , `filetype` varchar(255) NULL  , `filename` varchar(255) NULL  , `originalname` varchar(255) NULL  , `filesize` varchar(255) NULL  , `width` int(11) NULL  , `height` int(11) NULL  , `title` varchar(255) NULL  , `createdate` int(11) NOT NULL DEFAULT '0' , `updatedate` int(11) NOT NULL DEFAULT '0' , `createuser` varchar(255) NOT NULL  , `updateuser` varchar(255) NOT NULL  , `revision` int(11) NULL  , `med_description` text NULL  , `med_copyright` varchar(255) NULL  , PRIMARY KEY (`file_id`)) TYPE=MyISAM;
INSERT INTO `rex_file` VALUES ('1','0','1','','image/jpeg','bg_bdy.jpg','/tmp/php1jQffT','1544','20','180','','1212150291','1212176534','admin','admin','0','','');
INSERT INTO `rex_file` VALUES ('30','0','1','','image/gif','bg_tab_top.gif','bg_tab_top.gif','225','501','3','','1212190869','1212190869','admin','admin','0','','');
INSERT INTO `rex_file` VALUES ('3','0','1','','image/gif','bg_tab_cntnt.gif','bg_tab_cntnt.gif','1934','501','14','','1212150309','1212150309','admin','admin','0','','');
INSERT INTO `rex_file` VALUES ('4','0','1','','image/gif','bg_tab_navi.gif','bg_tab_navi.gif','18033','300','800','','1212150324','1212150324','admin','admin','0','','');
INSERT INTO `rex_file` VALUES ('6','0','1','','image/gif','bg_usr_navi.gif','bg_usr_navi.gif','9347','200','800','','1212150340','1212150340','admin','admin','0','','');
INSERT INTO `rex_file` VALUES ('7','0','1','','image/gif','but_save.gif','but_save.gif','608','300','20','','1212150348','1212150348','admin','admin','0','','');
INSERT INTO `rex_file` VALUES ('8','0','1','','image/gif','but_save_r_nrml.gif','but_save_r_nrml.gif','227','12','20','','1212150354','1212150354','admin','admin','0','','');
INSERT INTO `rex_file` VALUES ('9','0','1','','text/css','css_community.css','css_community.css','8669','0','0','','1212150361','1212150361','admin','admin','0','','');
INSERT INTO `rex_file` VALUES ('10','0','1','','text/css','css_form.css','css_form.css','2912','0','0','','1212150370','1212150370','admin','admin','0','','');
INSERT INTO `rex_file` VALUES ('11','0','1','','text/css','css_website.css','css_website.css','8563','0','0','','1212150378','1212150378','admin','admin','0','','');
INSERT INTO `rex_file` VALUES ('12','0','1','','image/gif','icon_arrw_rght.gif','icon_arrw_rght.gif','51','6','6','','1212150385','1212150385','admin','admin','0','','');
INSERT INTO `rex_file` VALUES ('13','0','1','','image/gif','icon_lgt.gif','icon_lgt.gif','107','12','11','','1212150393','1212150393','admin','admin','0','','');
INSERT INTO `rex_file` VALUES ('14','0','1','','image/gif','icon_myprfl.gif','icon_myprfl.gif','106','9','11','','1212150399','1212150399','admin','admin','0','','');
INSERT INTO `rex_file` VALUES ('15','0','1','','image/gif','icon_psswd_frgttn.gif','icon_psswd_frgttn.gif','116','12','12','','1212150407','1212150407','admin','admin','0','','');
INSERT INTO `rex_file` VALUES ('16','0','1','','image/gif','icon_rgstr.gif','icon_rgstr.gif','128','10','10','','1212150415','1212150415','admin','admin','0','','');
INSERT INTO `rex_file` VALUES ('17','0','1','','image/gif','icon_usr_list.gif','icon_usr_list.gif','94','7','10','','1212150422','1212150422','admin','admin','0','','');
INSERT INTO `rex_file` VALUES ('18','0','1','','image/jpeg','logo.jpg','logo.jpg','13115','280','220','','1212150431','1212150431','admin','admin','0','','');
INSERT INTO `rex_file` VALUES ('19','0','1','','image/gif','shdw_bttm.gif','shdw_bttm.gif','815','100','75','','1212150439','1212150439','admin','admin','0','','');
INSERT INTO `rex_file` VALUES ('20','0','1','','image/gif','shdw_top.gif','shdw_top.gif','808','100','75','','1212150446','1212150446','admin','admin','0','','');
INSERT INTO `rex_file` VALUES ('22','0','1','','image/gif','nobody_m.gif','nobody_m.gif','3346','150','137','','1212160782','1212160782','admin','admin','0','','');
INSERT INTO `rex_file` VALUES ('23','0','1','','image/gif','nobody_w.gif','nobody_w.gif','4481','150','137','','1212160790','1212160790','admin','admin','0','','');
INSERT INTO `rex_file` VALUES ('24','0','2','','image/jpeg','visual.jpg','visual.jpg','16443','497','170','','1212161966','1212190055','admin','admin','0','','');
INSERT INTO `rex_file` VALUES ('25','0','2','','image/jpeg','visual_2.jpg','visual_2.jpg','9771','240','139','','1212162190','1212190055','admin','admin','0','','');
INSERT INTO `rex_file` VALUES ('29','0','1','','image/gif','bg_tab_bttm.gif','bg_tab_bttm.gif','244','501','3','','1212190858','1212190858','admin','admin','0','','');
DROP TABLE IF EXISTS `rex_file_category`;
CREATE TABLE `rex_file_category` ( `id` int(11) NOT NULL  auto_increment, `name` varchar(255) NOT NULL  , `re_id` int(11) NOT NULL DEFAULT '0' , `path` varchar(255) NOT NULL  , `createdate` int(11) NOT NULL DEFAULT '0' , `updatedate` int(11) NOT NULL DEFAULT '0' , `createuser` varchar(255) NOT NULL  , `updateuser` varchar(255) NOT NULL  , `attributes` text NULL  , `revision` int(11) NULL  , PRIMARY KEY (`id`,`name`)) TYPE=MyISAM;
INSERT INTO `rex_file_category` VALUES ('1','CSS / Layout','0','|','1212150254','1212150254','admin','admin','','0');
INSERT INTO `rex_file_category` VALUES ('2','Allgemeine Grafiken/Photos','0','|','1212175559','1212175559','admin','admin','','0');
INSERT INTO `rex_file_category` VALUES ('3','_Userbilder','0','|','1212175567','1212175567','admin','admin','','0');
DROP TABLE IF EXISTS `rex_module`;
CREATE TABLE `rex_module` ( `id` int(11) NOT NULL  auto_increment, `name` varchar(255) NOT NULL  , `category_id` int(11) NOT NULL DEFAULT '0' , `ausgabe` text NOT NULL  , `eingabe` text NOT NULL  , `createuser` varchar(255) NOT NULL  , `updateuser` varchar(255) NOT NULL  , `createdate` int(11) NOT NULL DEFAULT '0' , `updatedate` int(11) NOT NULL DEFAULT '0' , `attributes` text NULL  , `revision` int(11) NULL  , PRIMARY KEY (`id`,`category_id`)) TYPE=MyISAM;
INSERT INTO `rex_module` VALUES ('1','01 - Headline','0','<h1><span>REX_VALUE[1]</span></h1>','Headline:\r\n<br /><input type=\"text\" size=\"40\" name=\"VALUE[1]\" value=\"REX_VALUE[1]\"  style=\"width: 90%;\" />\r\n<br />','admin','admin','1212051980','1212153066','','0');
INSERT INTO `rex_module` VALUES ('2','02 - Text [textile] mit/ohne Bild','0','<?php\r\n\r\n$param = array();\r\n$text = \'\';\r\n$file = \'\';\r\n//	Ausrichtung des Bildes \r\nif (\"REX_VALUE[9]\" == \"l\") {\r\n	$param[\'class\'] = \' class=\"img fl-lft\"\';\r\n}\r\nif (\"REX_VALUE[9]\" == \"r\") {\r\n	$param[\'class\'] = \' class=\"img fl-rght\"\';\r\n}\r\nif (\"REX_VALUE[9]\" == \"b\") {\r\n	$param[\'class\'] = \' class=\"img img-bttm\"\';\r\n}\r\nif (\"REX_VALUE[9]\" == \"t\") {\r\n	$param[\'class\'] = \' class=\"img img-top\"\';\r\n}\r\n\r\n//	Wenn Bild eingefuegt wurde, Code schreiben \r\n$get_desc = false;\r\nif (\"REX_FILE[1]\" != \"\") {\r\n	\r\n	\r\n	if (\'REX_VALUE[8]\' == \'1\' AND (REX_CTYPE_ID == \'2\' OR REX_CTYPE_ID == \'3\')) {\r\n		if (\"REX_VALUE[9]\" == \"r\" OR \"REX_VALUE[9]\" == \"l\")\r\n			$file = \'<p\'.$param[\'class\'].\'><img src=\"index.php?rex_resize=50w__REX_FILE[1]\" /></p>\';\r\n		else\r\n			$file = \'<p\'.$param[\'class\'].\'><img src=\"index.php?rex_resize=170w__REX_FILE[1]\" /></p>\';\r\n	}\r\n	elseif (\'REX_VALUE[8]\' == \'1\') {\r\n		if (\"REX_VALUE[9]\" == \"r\" OR \"REX_VALUE[9]\" == \"l\")\r\n			$file = \'<p\'.$param[\'class\'].\'><img src=\"index.php?rex_resize=200w__REX_FILE[1]\" /></p>\';\r\n		else\r\n			$file = \'<p\'.$param[\'class\'].\'><img src=\"index.php?rex_resize=462w__REX_FILE[1]\" /></p>\';\r\n	}\r\n	else {\r\n		if (\"REX_VALUE[9]\" == \"r\" OR \"REX_VALUE[9]\" == \"l\")\r\n			$file = \'<p\'.$param[\'class\'].\'><img src=\"index.php?rex_resize=240w__REX_FILE[1]\" /></p>\';\r\n		else\r\n			$file = \'<p\'.$param[\'class\'].\'><img src=\"index.php?rex_resize=500w__REX_FILE[1]\" /></p>\';\r\n	}\r\n}\r\n\r\nif (\"REX_VALUE[1]\" != \"\") {\r\n\r\n//	Fliesstext \r\n$input =<<< EOT\r\nREX_HTML_VALUE[1]\r\nEOT;\r\n\r\n\r\n	$textile = new Textile(); \r\n	$text = $textile->TextileThis($input);\r\n}\r\n\r\n$text = str_replace(\'href=\"http://\', \'onclick=\"window.open(this.href); return false\" class=\"link-extern\" href=\"http://\', $text);\r\n\r\nif (\'REX_VALUE[8]\' == \'1\') {\r\n	print \'<div class=\"bx-v1 bx-shdw\">\r\n			<div class=\"bx-v1-2 bx-shdw-2\">\r\n			<div class=\"bx-v1-cntnt\">\';\r\n			\r\n				\r\n	if (\'REX_VALUE[2]\' != \'\')\r\n		print \'<h3><strong>REX_VALUE[2]</strong> REX_VALUE[3]</h3>\';\r\n}\r\n\r\nif (\"REX_VALUE[9]\" == \"b\") {\r\n	print \'<div class=\"slc\">\'.$text.$file.\'<div class=\"clearer\"> </div></div>\';\r\n}\r\nelse {\r\n	print \'<div class=\"slc\">\'.$file.$text.\'<div class=\"clearer\"> </div></div>\';\r\n}\r\n\r\n\r\nif (\'REX_VALUE[8]\' == \'1\')\r\n	print \'</div></div></div>\';\r\n\r\n?>','<strong>spezielle Headline für Darstellung als Box:</strong><br />\r\n<input name=\"VALUE[2]\" style=\"width: 30%\" value=\"REX_VALUE[2]\"> \r\n<input name=\"VALUE[3]\" style=\"width: 30%\" value=\"REX_VALUE[3]\">\r\n<br /><br />\r\n\r\n<strong>Fliesstext:</strong><br />\r\n<textarea name=\"VALUE[1]\" cols=\"80\" rows=\"30\" class=\"inp100\">REX_VALUE[1]</textarea>\r\n<br /><br />\r\nREX_LINK_BUTTON[1]\r\n<strong>Artikelfoto</strong>:<br />\r\nREX_MEDIA_BUTTON[1]\r\n<?\r\nif (\"REX_FILE[1]\" != \"\") {\r\n	echo \"<img src=\".$REX[\'HTDOCS_PATH\'].\"/files/REX_FILE[1]><br />\";\r\n}\r\n\r\n?><br />\r\n<br />\r\n\r\n\r\n<strong>Ausrichtung des Artikelfotos:</strong><br />\r\n<select name=\"VALUE[9]\" style=\"width: 200px;\">\r\n	<option value=\"l\" <? if (\"REX_VALUE[9]\" == \'l\') echo \'selected=\"selected\"\'; ?>>links vom Text</option>\r\n	<option value=\"r\" <? if (\"REX_VALUE[9]\" == \'r\') echo \'selected=\"selected\"\'; ?>>rechts vom Text</option>\r\n	<option value=\"t\" <? if (\"REX_VALUE[9]\" == \'t\') echo \'selected=\"selected\"\'; ?>>oberhalb vom Text</option>\r\n	<option value=\"b\" <? if (\"REX_VALUE[9]\" == \'b\') echo \'selected=\"selected\"\'; ?>>unterhalb vom Text</option>\r\n</select><br />\r\n<br />\r\n\r\n<strong>Darsellung als Box:</strong><br />\r\n<select name=\"VALUE[8]\" style=\"width: 200px;\">\r\n	<option value=\"0\" <? if (\"REX_VALUE[8]\" == \'0\') echo \'selected=\"selected\"\'; ?>>nein</option>\r\n	<option value=\"1\" <? if (\"REX_VALUE[8]\" == \'1\') echo \'selected=\"selected\"\'; ?>>ja</option>\r\n</select><br />\r\n<br />\r\n\r\n<strong>Anleitung / Hinweise</strong>:\r\n<table class=\"warning\" style=\"width:100%\">\r\n<tr>\r\n	<th style=\"width:200px;\"><strong>Beschreibung</strong></th>\r\n	<th><strong>Eingabe</strong></th>\r\n</tr>\r\n<tr>\r\n	<td><h1>Überschrift 1</h1></td>\r\n	<td>h1. Überschrift (Leerzeile vor und nach der Eingabe)</td>\r\n</tr>\r\n<tr>\r\n	<td><h2>Überschrift 2</h2></td>\r\n	<td>h2. Überschrift (Leerzeile vor und nach der Eingabe)</td>\r\n</tr>\r\n<tr>\r\n	<td><strong>fetter Text</strong></td>\r\n	<td>*fetter Text*</td>\r\n</tr>\r\n<tr>\r\n	<td><i>kursiver Text</i></td>\r\n	<td>__kursiver Text__</td>\r\n</tr>\r\n<tr>\r\n	<td><del>gestrichener Text</del></td>\r\n	<td>-gestrichener Text-</td>\r\n</tr>\r\n<tr>\r\n	<td>geordnete Liste mit Zahlen</td>\r\n	<td># Listenpunkt</td>\r\n</tr>\r\n<tr>\r\n	<td>ungeordnete Liste mit Zeichen</td>\r\n	<td>* Listenpunkt</td>\r\n</tr>\r\n<tr>\r\n	<td>Link (intern)</td>\r\n	<td>\"zum Impressum\":redaxo://5</td>\r\n</tr>\r\n<tr>\r\n	<td>Link (extern)</td>\r\n	<td>\"zu unserem Partner\":http://yakamara.de</td>\r\n</tr>\r\n<tr>\r\n	<td>Link mit Ankersprung (intern/extern)</td>\r\n	<td>\"zum Kontakt\":http://domain.de#Kontakt<br />\"zum Impressum\":redaxo://5#Kontakt</td>\r\n</tr>\r\n<tr>\r\n	<td>Anker definieren</td>\r\n	<td>p(#Impressum). Hier steht das Impressum</td>\r\n</tr>\r\n</table>','admin','admin','1212052091','1212180644','','0');
INSERT INTO `rex_module` VALUES ('12','1201 - COM-Module - Gästebuch','0','<?php\r\n$tab = rex_request(\"tab\",\"int\");\r\n$article_id = rex_request(\"article_id\",\"int\");\r\nif (isset($REX[\'COM_USER\']) && is_object($REX[\'COM_USER\'])) echo rex_com_user::getGuestbook($REX[\'COM_USER\']->getValue(\"rex_com_user.id\"),$article_id,array(\"tab\"=>$tab));\r\n?>','','','admin','0','1212189364','','0');
INSERT INTO `rex_module` VALUES ('3','08 - Trenner','0','<div class=\"splt\"></div>','','admin','','1212052125','0','','0');
INSERT INTO `rex_module` VALUES ('4','07 - Download','0','<?php\r\n\r\n	if (!function_exists(\'Dateigroesse\')) {\r\n		function Dateigroesse($URL) {\r\n			$Groesse = @filesize($URL);\r\n			if($Groesse<1000) {\r\n				return number_format($Groesse, 0, \",\", \".\").\" Bytes\";\r\n			}\r\n			elseif($Groesse<1000000) {\r\n				return number_format($Groesse/1024, 0, \",\", \".\").\" kB\";\r\n			}\r\n			else {\r\n				return number_format($Groesse/1048576, 0, \",\", \".\").\" MB\";\r\n			}\r\n		}\r\n	}\r\n	\r\n	if (!function_exists(\'parse_icon\')) {\r\n		function parse_icon($ext) {\r\necho \"<!-- $ext -->\";\r\n			switch (strtolower($ext)) {\r\n	\r\n				case \'doc\': return \'mime-doc.gif\';\r\n				case \'rtf\': return \'mime-doc.gif\';\r\n				case \'txt\': return \'mime-txt.gif\';\r\n				case \'xls\': return \'mime-xls.gif\';\r\n				case \'eps\': return \'mime-eps.gif\';\r\n				case \'csv\': return \'mime-xls.gif\';\r\n				case \'ppt\': return \'mime-ppt.gif\';\r\n				case \'html\': return \'mime-html.gif\';\r\n				case \'htm\': return \'mime-html.gif\';\r\n				case \'php\': return \'mime-script.gif\';\r\n				case \'php3\': return \'mime-script.gif\';\r\n				case \'cgi\': return \'mime-script.gif\';\r\n				case \'pdf\': return \'mime-pdf.gif\';\r\n				case \'rar\': return \'mime-rar.gif\';\r\n				case \'zip\': return \'mime-zip.gif\';\r\n				case \'gz\': return \'mime-gz.gif\';\r\n				case \'jpg\': return \'mime-jpg.gif\';\r\n				case \'gif\': return \'mime-gif.gif\';\r\n				case \'png\': return \'mime-png.gif\';\r\n				case \'bmp\': return \'mime-image.gif\';\r\n				case \'tif\': return \'mime-image.gif\';\r\n				case \'exe\': return \'mime-binary.gif\';\r\n				case \'bin\': return \'mime-binary.gif\';\r\n				case \'avi\': return \'mime-mov.gif\';\r\n				case \'mpg\': return \'mime-mov.gif\';\r\n				case \'moc\': return \'mime-mov.gif\';\r\n				case \'asf\': return \'mime-mov.gif\';\r\n				case \'mp3\': return \'mime-sound.gif\';\r\n				case \'wav\': return \'mime-sound.gif\';\r\n				case \'org\': return \'mime-sound.gif\';\r\n			\r\n				default:\r\n					return \'icon_def.gif\';\r\n			}\r\n		}\r\n	}\r\n	$out	= \"\";\r\n	\r\n	$extFile1	= \"\";\r\n	$nameFile1	= \"\";\r\n	$sizeFile1	= \"\";\r\n	\r\n	if (\"REX_FILE[1]\" != \"\") {\r\n		$extFile1 	= substr(strrchr(\'REX_FILE[1]\', \'.\'), 1);\r\n		$iconFile1 	= $REX[\'HTDOCS_PATH\'].\'/redaxo/media/\'.parse_icon($extFile1);\r\n		$ooFile1 	= OOMedia::getMediaByName (\'REX_FILE[1]\');\r\n		$nameFile1 	= $ooFile1->getTitle();\r\n		$sizeFile1 	= Dateigroesse($REX[\'HTDOCS_PATH\'].\"files/REX_FILE[1]\");\r\n	\r\n		$out .= \'\r\n			<p class=\"link-download\">\r\n				<a href=\"\'.$REX[\'HTDOCS_PATH\'].\'files/REX_FILE[1]\" target=\"_blank\"><img src=\"\'.$iconFile1.\'\" alt=\"Datei zum herunterladen\" title=\"\'.$nameFile1.\' (\'.$sizeFile1.\')\" /></a>\r\n				<span class=\"name\">\'.$nameFile1.\'</span>\r\n				<span class=\"size\">(\'.$sizeFile1.\')</span>\r\n			</p>\';\r\n	}\r\n	\r\n	\r\n	print \'\r\n	<div class=\"com-tab com-tab-no-navi download\"><div class=\"com-tab-cntnt\"><div class=\"com-tab-cntnt-2\"><div class=\"com-tab-cntnt-3\">\'.$out.\'</div></div></div></div>\';\r\n \r\n?>','<br /><br />\r\nREX_MEDIA_BUTTON[1]\r\n<br /><br />\r\n\r\n','admin','','1212052159','0','','0');
INSERT INTO `rex_module` VALUES ('5','rex - X-Form','0','<?php\r\n\r\n// MODUL OUT - XO FORM\r\n// v0.16\r\n//--------------------------------------------------------------------------------\r\n\r\n$xform = new rex_xform;\r\nif (\"REX_VALUE[7]\" == 1) $xform->setDebug(TRUE);\r\n$form_data = \'REX_VALUE[3]\';\r\n$form_data = trim(str_replace(\"<br />\",\"\",rex_xform::unhtmlentities($form_data)));\r\n$xform->setFormData($form_data);\r\n$xform->setRedaxoVars(REX_ARTICLE_ID,REX_CLANG_ID); \r\n\r\n// Action/en\r\nif (\"REX_VALUE[10]\" != \"\") $xform->setGetdata(true); // Datein vorher auslesen ?\r\n$xform->setObjectparams(\"answertext\",\"REX_VALUE[6]\"); // Antworttext\r\n$xform->setObjectparams(\"main_table\",\"REX_VALUE[8]\"); // für db speicherungen und unique abfragen\r\n$xform->setObjectparams(\"form_type\",\"REX_VALUE[1]\"); // Aktion einstellen - Nihcts, Speichern, E-Mail, beides ? - form_typ\r\n// E-Mail Action\r\n$xform->setObjectparams(\"mail_subject\",\"REX_VALUE[4]\"); // Mailsubject\r\n$xform->setObjectparams(\"mail_body\",str_replace(\"<br />\",\"\",rex_xform::unhtmlentities(\'REX_VALUE[5]\'))); // Mailsubject\r\n$xform->setObjectparams(\"mail_to\",$REX[\'ERROR_EMAIL\']); // Mail to\r\nif (\"REX_VALUE[2]\" != \"\") $xform->setObjectparams(\"mail_from\",\"REX_VALUE[2]\"); // Mail from\r\nelse $xform->setObjectparams(\"mail_from\",$REX[\'ERROR_EMAIL\']); // Mail from\r\n\r\n// Individuelle Einstellungen\r\n?>REX_PHP_VALUE[9]<?php\r\n\r\n// Ausgabe\r\necho $xform->getForm();\r\n\r\n?>','<?php\r\n\r\n// MODUL IN - XO FORM\r\n// v0.19\r\n// --------------------------------------------------------------------------------\r\n\r\n?>\r\n\r\n<br />DebugModus:\r\n<?php\r\n\r\n$dbg = new rex_select();\r\n$dbg->setName(\"VALUE[7]\");\r\n$dbg->setSize(1);\r\n$dbg->setStyle(\"width:100px;\");\r\n$dbg->addOption(\"inakiv\",\"0\");\r\n$dbg->addOption(\"Aktiv\",\"1\");\r\n$dbg->setSelected(\"REX_VALUE[7]\");\r\necho $dbg->get();\r\n\r\n?>\r\n\r\n<br /><br />Formularbeschreibung:\r\n<br /><textarea name=\"VALUE[3]\" style=\"width:90%;height:180px;\">REX_VALUE[3]</textarea>\r\n\r\n<?php \r\nrex_xform::showHelp(); \r\n?>\r\n\r\n<br /><br /><b>Danksagung:</b>\r\n<br /><textarea name=\"VALUE[6]\" style=\"width:90%;height:100px;\">REX_VALUE[6]</textarea>\r\n\r\n<br /><br /><hr>\r\n\r\n<br /><b>Was soll passieren ?</b>\r\n<br /><br /><select name=\"VALUE[1]\" onchange=\"rex_xform_toggleDb(this);\" style=\"width:90%;\">\r\n<option value=\"\" <?php if(\"REX_VALUE[1]\" == \"\") echo \" selected \"; ?>>Nichts machen</option>\r\n<option value=\"0\" <?php if(\"REX_VALUE[1]\" == \"0\") echo \" selected \"; ?>>Nur in Datenbank speichern</option>\r\n<option value=\"1\" <?php if(\"REX_VALUE[1]\" == \"1\") echo \" selected \"; ?>>Nur E-Mail versenden</option>\r\n<option value=\"2\" <?php if(\"REX_VALUE[1]\" == \"2\") echo \" selected \"; ?>>E-Mail versenden und in Datenbank speichern</option>\r\n<option value=\"3\" <?php if(\"REX_VALUE[1]\" == \"3\") echo \" selected \"; ?>>E-Mail versenden und Datenbank abfragen</option>\r\n</select>\r\n\r\n<br /><br />\r\n<b>Daten zu Beginn aus der Datenbank holen</b>\r\n<select name=\"VALUE[10]\" style=\"width:90%;\">\r\n<option value=\"\" <?php if(\"REX_VALUE[10]\" == \"\") echo \" selected \"; ?>>Nein</option>\r\n<option value=\"Ja\" <?php if(\"REX_VALUE[10]\" == \"Ja\") echo \" selected \"; ?>>Ja</option>\r\n</select>\r\n\r\n<div id=\"db_data\">\r\n  <br />\r\n  <fieldset><legend>Datenbankdaten:</legend>\r\n  \r\n  <br /><b>Where Klausel angeben (PHP erlaubt)</b>\r\n  <br />$xform->setObjectparams(\"main_where\",$where);\r\n  \r\n  <br /><br /><textarea name=\"VALUE[9]\" cols=\"30\" rows=\"3\" style=\"width:90%; height:100px;\">REX_VALUE[9]</textarea>\r\n  \r\n  <div id=\"db_where_info\">\r\n    <table class=\"warning\"><tr><td>\r\n    In der Where Klausel koennen die verschiedenen Felder eingesetzt werden.\r\n    Dazu muss der entsprechende Feldname zwischen ### gesetzt werden. Z.B.\r\n    <br />text|myname|Name|1\r\n    <br />-> ###myname### als Platzhalter in der Mail\r\n    </td></tr></table>\r\n  </div>\r\n  \r\n  <br />\r\n  <br /><b>Bitte Tabelle angeben </b>\r\n  <br />(Diese Tabelle gilt auch bei Uniqueabfragen (Pflichtfeld=2) siehe oben\r\n  <br /><br /><?php\r\n  $gc = new rex_sql;\r\n  $gc->setQuery(\"SHOW TABLES\");\r\n  $tables = $gc->getArray();\r\n  \r\n  $ts = new rex_select;\r\n  $ts->setName(\"VALUE[8]\");\r\n  $ts->setSize(1);\r\n  $ts->addOption(\"Keine Tabelle ausgewählt\", \"\");\r\n  \r\n  foreach ($tables as $key => $value)\r\n  {\r\n    $ts->addOption(current($value), current($value));\r\n  }\r\n  \r\n  $ts->setSelected(\"REX_VALUE[8]\");\r\n  \r\n  echo $ts->show();\r\n  ?>\r\n  </legend>\r\n</div>\r\n\r\n\r\n\r\n<div id=\"mail_data\">\r\n  <br /> <br />\r\n  <fieldset><legend>Emailversandtdaten:</legend>\r\n  \r\n  <br /><b>Bitte folgende Daten eingeben</b>\r\n  <br /><br />Absender:\r\n  <br /><input type=\"text\" name=\"VALUE[2]\" value=\"REX_VALUE[2]\"  style=\"width:90%;\" />\r\n  \r\n  <br /><br />Subject:\r\n  <br /><input type=\"text\" name=\"VALUE[4]\" value=\"REX_VALUE[4]\"  style=\"width:90%;\" />\r\n  \r\n  <br /><br />Mailbody:\r\n  <br /><textarea name=\"VALUE[5]\" style=\"width:90%;height:100px;\">REX_VALUE[5]</textarea>\r\n  \r\n  <table class=\"warning\"><tr><td>\r\n  In der Mail koennen die verschiedenen Felder eingesetzt werden.\r\n  Dazu muss der entsprechende Feldname zwischen ### gesetzt werden. Z.B.\r\n  <br />text|myname|Name|1\r\n  <br />-> ###myname### als Platzhalter in der Mail\r\n  </td></tr></table>\r\n  \r\n  </fieldset>\r\n</div>\r\n\r\n<script type=\"text/javascript\">\r\n<!--\r\n\r\nfunction rex_xform_toggleDb(select)\r\n{\r\n   rex_xform_toggleDbValue(select.value);\r\n}\r\n\r\nfunction rex_xform_toggleDbValue(value)\r\n{\r\n   var displayDb = false;\r\n   var displayWhereInfo = false;\r\n   var displayMail = false;\r\n   \r\n   // \'\' => DefaultValue wenn Modul geadded wird\r\n   // 0 => Nur in Datenbank speichern\r\n   // 1 => Nur E-Mail versenden\r\n   // 2 => E-Mail versenden und in Datenbank speichern\r\n   if(value == 0 || value == \'\')\r\n   {\r\n      displayDb = true;\r\n   }\r\n   else if(value == 1)\r\n   {\r\n      displayMail = true;\r\n   }\r\n   else if(value == 2)\r\n   {\r\n      displayDb = true;\r\n      displayMail = true;\r\n   }\r\n   else if(value == 3)\r\n   {\r\n      displayDb = true;\r\n      displayWhereInfo = true;\r\n      displayMail = true;\r\n   }\r\n   \r\n   displayDb = displayDb == true ? \'\' : \'none\';\r\n   rex_xform_toggleElement(\'db_data\', displayDb);\r\n   \r\n   displayWhereInfo = displayWhereInfo == true ? \'\' : \'none\';\r\n   rex_xform_toggleElement(\'db_where_info\', displayWhereInfo);\r\n   \r\n   displayMail = displayMail == true ? \'\' : \'none\';\r\n   rex_xform_toggleElement(\'mail_data\', displayMail);\r\n}\r\n\r\n// Wenn der 2. Parameter angegeben wird, wird die style.display Eigenschaft auf den entsprechenden wert gesetzt,\r\n// Sonst wird der wert getoggled\r\nfunction rex_xform_toggleElement(id,display)\r\n{\r\n   var needle = new getObj(id);\r\n   \r\n   if (typeof(display) == \'undefined\')\r\n   {\r\n     needle.style.display = needle.style.display == \'\' ? \'none\' : \'\';\r\n   }\r\n   else\r\n   {\r\n     needle.style.display = display;\r\n   }\r\n}\r\n\r\nrex_xform_toggleDbValue(\"REX_VALUE[1]\");\r\n\r\n//-->\r\n</script>','admin','admin','1212070590','1212070874','','0');
INSERT INTO `rex_module` VALUES ('7','1001 - COM-Module - Tabbox','0','<?php\r\n$tab_arr = array(\r\n	\'REX_LINK_ID[1]\', \r\n	\'REX_LINK_ID[2]\', \r\n	\'REX_LINK_ID[3]\', \r\n	\'REX_LINK_ID[4]\', \r\n	\'REX_LINK_ID[5]\', \r\n	\'REX_LINK_ID[6]\', \r\n	);\r\n\r\n$tab_arr_in = array();\r\nforeach($tab_arr as $v)\r\n{\r\n	if ($a = OOArticle::getArticleById($v))\r\n	{\r\n		$tab_arr_in[$a->getName()] = $v;\r\n	}\r\n}	\r\n\r\n$tab_arr = array();\r\nforeach($tab_arr_in as $k => $v)\r\n{\r\n	if ($k != \"\" && $v != \"\")\r\n	{\r\n		$tab_arr[$k] = $v;\r\n	}\r\n}\r\n	\r\n$tab_g = rex_request(\'tab\',\'int\',\'\');	\r\nif ($tab_g < 0 || $tab_g >= count($tab_arr)) $tab_g = 0;\r\n			\r\n$tab_cnt = \'\';\r\n$tab_list = \'\';\r\n$tab_c = 0; // Counter\r\n// $tab_g -> active tab\r\nforeach ($tab_arr as $key => $val)\r\n{\r\n	$link = rex_getUrl(\'\', \'\', array(\'tab\' => $tab_c));\r\n	$tab_class = \'\';\r\n	\r\n	if ($tab_g == $tab_c) {\r\n		$tab_cnt = $val;\r\n		$tab_class = \'active \';\r\n	}\r\n	\r\n	if ($tab_c == 0)\r\n		$tab_class = \'tab-frst \';\r\n		\r\n	if ($tab_c == 0 AND $tab_g == $tab_c)\r\n		$tab_class = \'tab-frst-active \';\r\n		\r\n	if (($tab_c+1) == count($tab_arr))\r\n		$tab_class = \'tab-lst \';\r\n		\r\n	if (($tab_c+1) == count($tab_arr) AND $tab_g == $tab_c)\r\n		$tab_class = \'tab-lst-active \';\r\n		\r\n	if (count($tab_arr) == 1)\r\n		$tab_class = \'tab-aln\';\r\n	\r\n	$tab_c_active_nxt = $tab_g - 1;\r\n	if ($tab_c == $tab_c_active_nxt)\r\n		$tab_class .= \'active-nxt \';\r\n	\r\n	trim($tab_class);\r\n	if ($tab_class != \'\') {\r\n		$tab_class = \' class=\"\'.$tab_class.\'\"\';\r\n	}\r\n		\r\n	$tab_list .= \'<li\'.$tab_class.\'><a href=\"\'.rex_getUrl(\'\', \'\', array(\'tab\' => $tab_c)).\'\"><span>\'.$key.\'</span></a></li>\';\r\n	$tab_c++;\r\n}\r\n			\r\nprint \'\r\n	<div class=\"com-tab\">\r\n		<div class=\"com-tab-navi\">\r\n			<ul>\r\n				\'.$tab_list.\'\r\n			</ul>\r\n		</div>\r\n		\r\n		<div class=\"com-tab-cntnt\">\r\n		<div class=\"com-tab-cntnt-2\">\r\n		<div class=\"com-tab-cntnt-3\">\';\r\nif (!isset($REX[\'TMP\'][\'TAB_CID\']) || \"REX_ARTICLE_ID\" != $REX[\'TMP\'][\'TAB_CID\'])\r\n{\r\n  $REX[\'TMP\'][\'TAB_CID\'] = (int) $tab_cnt;\r\n  $ma = new rex_article;\r\n  $ma->setClang(REX_CLANG_ID);\r\n  if ($ma->setArticleId($tab_cnt)) echo $ma->getArticle();\r\n}else\r\n{\r\n  echo \"ERROR: ArticleinArticle\";\r\n}\r\nprint \'\r\n			<div class=\"clearer\"> </div>\r\n		</div>\r\n		</div>\r\n		</div>\r\n	</div>\';\r\n?>','Tab 1 Artikel:\r\n<br />REX_LINK_BUTTON[1]\r\n<br /><br />Tab 2 Artikel:\r\n<br />REX_LINK_BUTTON[2]\r\n<br /><br />Tab 3 Artikel:\r\n<br />REX_LINK_BUTTON[3]\r\n<br /><br />Tab 4 Artikel:\r\n<br />REX_LINK_BUTTON[4]\r\n<br /><br />Tab 5 Artikel:\r\n<br />REX_LINK_BUTTON[5]\r\n<br /><br />Tab 6 Artikel:\r\n<br />REX_LINK_BUTTON[6]\r\n<br /><br />','','admin','0','1212158041','','0');
INSERT INTO `rex_module` VALUES ('8','1002 - COM-Module - Usersuche','0','<?php\r\n// *********************** USERSUCHE\r\n$searchtext = rex_request(\"searchtext\",\"string\",\"\");\r\n$send = rex_request(\"send\",\"string\",\"\");\r\n$orderArr = array(\'firstname\' => \'Vorname\', \'name\' => \'Name\', \'email\' => \'E-Mail\');\r\n$orderArr = array(\'login\' => \'Login\');\r\n\r\n\r\n$ordersql = \'login\';\r\n$ordr = rex_request(\"ordr\",\"string\");\r\nif (isset($_REQUEST[\'ordr\']) AND (isset($orderArr[$ordr]))) {	\r\n	$ordersql = \'\'.$_REQUEST[\'ordr\'];\r\n}\r\n$ordersql = \' ORDER BY \'.$ordersql;\r\n\r\n// **** SQL AUFBAUEN\r\n$felder = array(\"login\",\"firstname\",\"name\",\"city\");\r\n$felder = array(\"login\");\r\n\r\n$addsql = \"\";\r\n$urlArr = array();\r\nif ($searchtext != \"\")\r\n{\r\n	foreach($felder as $feld)\r\n	{\r\n		if ($addsql != \"\") $addsql .= \' or \';\r\n		$addsql .= $feld.\' LIKE \"%\'.$searchtext.\'%\"\';\r\n	}\r\n	$addsql = \' and (\'.$addsql.\')\';\r\n	\r\n	$urlArr[\'searchtext\'] = htmlspecialchars(stripslashes($searchtext));\r\n}\r\n\r\n$filter = $_REQUEST[\"filter\"];\r\nif ($filter != \"\")\r\n{\r\n	$addsql = \'and login LIKE \"\'.$filter.\'%\"\';\r\n}\r\n\r\n$sql = \"select * from rex_com_user where status > 0 \".$addsql.$ordersql;\r\n\r\n$ms = new rex_sql;\r\n//$ms->debugsql = true;\r\n$ms->setQuery($sql);\r\n$sortLinks = \'\';\r\nforeach ($orderArr AS $key => $val) {\r\n	\r\n	$urlArr[\'ordr\'] = $key;\r\n	$sortLinks .= \'<a href=\"\'.rex_getUrl(\'\', \'\', $urlArr).\'\">\'.$val.\'</a> \';\r\n}\r\n\r\necho \'\r\n	<div class=\"com-usersearch\">\r\n		<form action=\"\'.rex_getUrl(REX_ARTICLE_ID,REX_CLANG_ID, array(\"send\"=>1),\"&\").\'\" method=\"post\" name=\"searchform\" id=\"searchform\">\r\n			\r\n			<p class=\"ftxt\">\r\n				<label for=\"usersearch\">Mitgliedsuche:</label>\r\n				<input type=\"text\" name=\"searchtext\" value=\"\'.htmlspecialchars(stripslashes($searchtext)).\'\" id=\"usersearch\" />\r\n			</p>\r\n			\r\n			<p class=\"link-save\">\r\n				<a href=\"javascript:void(0);\" onclick=\"document.getElementById(\\\'searchform\\\').submit();\"><span>Suche starten</span></a>\r\n			</p>\r\n			\r\n		</form>\';\r\n		\r\n\r\n// if ($ms->getRows()>0)\r\n//{\r\n	echo \'\r\n	<div class=\"com-tab com-tab-no-navi\">\r\n	<div class=\"com-tab-cntnt\">\r\n	<div class=\"com-tab-cntnt-2\">\r\n	<div class=\"com-tab-cntnt-3\">\r\n				\';\r\n				\r\n\r\n	// ***** Alle | A-Z | Blaettern\r\n	\r\n	$gn = \'select UPPER(SUBSTR(login,1,1)) as ch from rex_com_user where status > 0 group by ch\';\r\n	$ga = new rex_sql;\r\n	// $ga->debugsql = 1;\r\n	$ga->setQuery($gn);\r\n	$ga_array = $ga->getArray();\r\n	echo \'\r\n	<div class=\"com-navi\">\r\n			<ul class=\"navi com-navi-letters\">\r\n				<li><a href=\"\'.rex_getUrl(REX_ARTICLE_ID,REX_CLANG_ID).\'\">Alle | </a></li>\r\n				\';\r\n				foreach ($ga_array as $k => $v)\r\n				{\r\n					// echo \"<br />** $k ** \".$v[\"ch\"];\r\n					echo \'		<li><a href=\"\'.rex_getUrl(REX_ARTICLE_ID,REX_CLANG_ID, array(\"filter\"=>$v[\"ch\"])).\'\">\'.$v[\"ch\"].\'</a></li>\';\r\n				}\r\n				/*\r\n				for($i=65;$i<91;$i++)\r\n				{\r\n					echo \'		<li><a href=\"\'.rex_getUrl(REX_ARTICLE_ID,REX_CLANG_ID, array(\"filter\"=>chr($i))).\'\">\'.chr($i).\'</a></li>\';\r\n				}\r\n				*/\r\n	echo \'\r\n			</ul>\r\n			\'.rex_com_blaettern($ms).\'\r\n			<div class=\"clearer\"> </div>\r\n	</div>\r\n	\';\r\n				\r\n				\r\n	// ***** Sortieren\r\n	/*\r\n	echo \'\r\n				<div class=\"com-navi\">\r\n					<p class=\"flLeft\">Sortieren nach: \'.$sortLinks.\'</p>\r\n					\'.rex_com_blaettern(&$ms).\'\r\n					<div class=\"clearer\"> </div>\r\n				</div>\';\r\n	*/\r\n				\r\n				\r\n	\r\n	for($i=0;$i<$ms->getRows();$i++) \r\n	{			\r\n	\r\n		echo \'	<div class=\"com-contact\">\r\n					<div class=\"com-image\">\r\n						<p class=\"image\">\'.rex_com_showUser(&$ms, \"image\", \"\", TRUE, FALSE).\'</p>\r\n					</div>\r\n					\r\n					<div class=\"com-content\">\r\n					<div class=\"com-content-2\">\r\n						<p><span class=\"color-1\">\';\r\n		\r\n		echo rex_com_showUser(&$ms, \"login\", \"\", TRUE);\r\n		if ($ms->getValue(\"show_basisinfo\")==2)\r\n		{\r\n			echo \' [ \';\r\n			echo rex_com_showUser(&$ms, \"name\", \"\", TRUE);\r\n			echo \' ]\';\r\n		}\r\n		\r\n		echo \'</span></p>\';\r\n		if (rex_com_showUser(&$ms,\"motto\",\"\", FALSE)) echo \'<p>Motto: \'.rex_com_showUser(&$ms,\"motto\",\"\", FALSE).\'</p>\';\r\n		echo \'\r\n					</div>\r\n					</div>\r\n					<div class=\"clearer\"> </div>\r\n				</div>\';\r\n		\r\n		\r\n		$ms->next();\r\n				\r\n	}\r\n	echo \'\r\n				\r\n				<div class=\"clearer\"> </div>\r\n			</div>\r\n			</div>\r\n	\r\n		</div>\r\n		</div>\';\r\n// }\r\necho \'</div>\';\r\n?>','','','','0','0','','0');
INSERT INTO `rex_module` VALUES ('9','1003 - COM-Module - Userdetails','0','<?php\r\n$user_id = (int) $_REQUEST[\"user_id\"];\r\necho rex_com_showUserProfil($user_id,REX_ARTICLE_ID);\r\n?>','','','','0','0','','0');
INSERT INTO `rex_module` VALUES ('10','1101 - COM-Module - Kontaktbox','0','<?php\r\n// ***** KONTAKTE\r\n$status = (int) \"REX_VALUE[1]\"; // 0=Bestaetigte/1=Unbestaetigte/2=Noch zu bestaetigen\r\n$aid = rex_request(\"article_id\",\"int\");\r\nif (isset($REX[\"COM_USER\"]) && is_object($REX[\"COM_USER\"]))\r\n{\r\n	$user_id = $REX[\"COM_USER\"]->getValue(\"rex_com_user.id\");\r\n	include $REX[\"INCLUDE_PATH\"].\"/addons/xform/classes/basic/class.rexform.inc.php\";\r\n	include $REX[\"INCLUDE_PATH\"].\"/addons/xform/classes/basic/class.rexlist.inc.php\";\r\n	include $REX[\"INCLUDE_PATH\"].\"/addons/xform/classes/basic/class.rexselect.inc.php\";\r\n	\r\n	$filter = $_REQUEST[\"filter\"];\r\n	$add_sql = \"\";\r\n	if ($filter != \"\")\r\n	{\r\n		$add_sql = \' AND rex_com_user.lastname LIKE \"\'.$filter.\'%\" \';\r\n	}\r\n	\r\n	\r\n	if ($status==0) $sql = \'\r\n		select \r\n			* \r\n		from \r\n			rex_com_contact,rex_com_user \r\n		where \r\n			rex_com_contact.to_user_id=rex_com_user.id \r\n			and rex_com_contact.user_id=\"\'.$user_id.\'\" \r\n			and accepted=1 \r\n			\'.$add_sql;\r\n	if ($status==1) $sql = \'\r\n		select \r\n			* \r\n		from \r\n			rex_com_contact,rex_com_user \r\n		where \r\n			rex_com_contact.to_user_id=rex_com_user.id and \r\n			rex_com_contact.user_id=\"\'.$user_id.\'\" and \r\n			rex_com_contact.accepted=0 and \r\n			rex_com_contact.requested=1 \r\n			\'.$add_sql;\r\n	if ($status==2) $sql = \'\r\n		select \r\n			* \r\n		from \r\n			rex_com_contact,rex_com_user \r\n		where \r\n			rex_com_contact.to_user_id=rex_com_user.id and \r\n			rex_com_contact.user_id=\"\'.$user_id.\'\" and \r\n			rex_com_contact.accepted=0 and \r\n			rex_com_contact.requested=0\r\n			\'.$add_sql;\r\n	\r\n	$gl = new rex_sql;\r\n	$gl->debugsql = 0;\r\n	$gl->setQuery($sql);\r\n	\r\n	$max = $gl->getRows();\r\n	$link = \'index.php?article_id=\'.$aid.\'&tab=\'.$status;\r\n	// Alle | A-Z | Blaettern\r\n	echo \'\r\n	<div class=\"com-navi\"><p class=\"flLeft\">&nbsp;</p>\r\n	<!--		<ul class=\"navi com-navi-letters\">\r\n				<li><a href=\"\'.$link.\'\">Alle | </a></li>\r\n				\';\r\n	\r\n	for($i=65;$i<91;$i++)\r\n	{\r\n		echo \'		<li><a href=\"\'.$link.\'&amp;filter=\'.chr($i).\'\">\'.chr($i).\'</a></li>\';\r\n	}\r\n	echo \'\r\n			</ul>\r\n	-->\r\n					\'.rex_com_blaettern(&$gl).\'\r\n			<div class=\"clearer\"> </div>\r\n	</div>\r\n	\';\r\n\r\n	// Ergebnisse anzeigen\r\n	for($i=0;$i<$gl->getRows();$i++)\r\n	{\r\n		echo \'\r\n			<div class=\"com-contact\">\r\n				<div class=\"com-image\">\r\n					<p class=\"image\">\'.rex_com_showUser(&$gl,\"image\",\"\", TRUE).\'</p>\r\n				</div>\r\n				<div class=\"com-content\">\r\n				<div class=\"com-content-2\">\r\n					<p><span class=\"color-1\">\'.rex_com_showUser(&$gl,\"name\",\"\", TRUE).\', \'.rex_com_showUser(&$gl,\"city\",\"\", FALSE).\'</span><br />Bestätigt am: \'.rex_com_formatter($gl->getValue(\"create_datetime\"),\'date\').\'</p>\r\n					\';\r\nif(rex_com_showUser(&$gl,\"motto\",\"\", FALSE) != \"\") echo \'<p>Motto: \'.rex_com_showUser(&$gl,\"motto\",\"\", FALSE).\'</p>\';\r\necho \'\r\n					<p class=\"link-button\"><a href=\"\'.rex_com_showUser(&$gl,\"url\").\'\"><span>Mehr Infos</span></a></p>\r\n				</div></div>\r\n				<div class=\"clearer\"> </div>\r\n			</div>\r\n		\';\r\n		$gl->next();\r\n	}\r\n	echo \'<div class=\"clearer\"> </div>\';\r\n}\r\n?>','<?php\r\n$g = new rex_select;\r\n$g->setName(\"VALUE[1]\");\r\n$g->addOption(\"Bestätigte Kontakte\",0);\r\n$g->addOption(\"Unbestätigte Kontakte\",1);\r\n$g->addOption(\"Zu bestätigende Kontakte\",2);\r\n$g->setSelected(\"REX_VALUE[1]\");\r\n$g->setSize(1);\r\necho $g->show();\r\n?><br />\r\n','','admin','0','1212189195','','0');
INSERT INTO `rex_module` VALUES ('14','1301 - COM-Module - Nachrichten','0','<?php\r\n// ----- Meine Nachrichten\r\n$tab = rex_request(\"tab\",\"int\",\"0\");\r\n$aid = rex_request(\"article_id\",\"int\",\"0\");\r\nif (isset($REX[\"COM_USER\"]) && is_object($REX[\"COM_USER\"]))\r\n{\r\n	if (\"REX_VALUE[1]\" == \"1\")\r\n	{\r\n		// ***** outbox\r\n		 // von mir an andere\r\n		 // -> anderen user anzeigen\r\n		$who = \"from_user_id\";\r\n		$text = \"Zu\";\r\n		$show = \"to_user_id\"; // diesen user anzeigen\r\n	}else\r\n	{\r\n		// ***** inbox\r\n		// an mich\r\n		// -> user von anzeigen\r\n		$who = \"to_user_id\"; // an mich\r\n		$text = \"Von\";\r\n		$show = \"from_user_id\"; // diesen user anzeigen\r\n	}\r\n	$user_id = $REX[\"COM_USER\"]->getValue(\"id\");\r\n	\r\n	if($_REQUEST[\'func\'] == \"delete\")\r\n	{\r\n	\r\n		$del_id = (int) $_REQUEST[\'del_id\'];\r\n		$delsql = new rex_sql();\r\n		$delsql->setQuery(\"DELETE FROM `rex_com_message` WHERE (`user_id`=\'\".$user_id.\"\') AND `id`=\'\".$del_id.\"\'\");	\r\n		echo \'<p class=\"warning\">Nachricht wurde gelöscht.</p>\';\r\n	\r\n	}\r\n	\r\n	$sql = \"SELECT \r\n		* \r\n		FROM \r\n			rex_com_message, rex_com_user\r\n		WHERE \r\n			rex_com_message.user_id=\".$user_id .\"\r\n			AND rex_com_message.$who=\".$user_id .\"\r\n			AND rex_com_message.$show=rex_com_user.id \r\n        ORDER BY \r\n        	rex_com_message.create_datetime DESC\";\r\n\r\n	$link = \"index.php?article_id=$aid&tab=$tab\";\r\n	$m = new rex_sql;\r\n	// $m->debugsql = 1;\r\n	$m->setQuery($sql);\r\n	// Ergebnisse anzeigen\r\n	for($i=0;$i<$m->getRows();$i++)\r\n	{\r\n		echo \'\r\n			<div class=\"com-contact\">\r\n				<div class=\"com-image\">\r\n					<p class=\"image\">\'.rex_com_showUser(&$m,\"image\",\"\", TRUE, FALSE).\'</p>\r\n				</div>\r\n				<div class=\"com-content\">\r\n					<p><span class=\"color-1\">\'.rex_com_showUser(&$m,\"name\",\"\", TRUE).\', \'.rex_com_showUser(&$m,\"city\",\"\", FALSE).\'</span><br />Erstellt am: <b>\'.rex_formatter($m->getValue(\"create_datetime\"),\"datetime\",\"timestamp\").\'</b></p>\r\n					<p>\r\n					Betreff: <b>\'.htmlspecialchars($m->getValue(\"rex_com_message.subject\")).\'</b>\r\n					<br />Nachricht: \r\n					<br /><b>\'.nl2br(htmlspecialchars($m->getValue(\"rex_com_message.body\"))).\'</b></p>\r\n					<p class=\"link-button\"><a href=\"\'.$link.\'&amp;func=delete&del_id=\'.$m->getValue(\"rex_com_message.id\").\'\"><span>Löschen</span></a></p>\r\n				</div>\r\n				<div class=\"clearer\"> </div>\r\n			</div>\r\n		\';\r\n		$m->next();\r\n	}\r\n\r\n	if ($m->getRows()<1)\r\n	{\r\n		echo \'<p class=\"nomessage\">Es befinden sich derzeit keine aktuellen Nachrichten in Ihrer Nachrichtenbox.</p>\';\r\n	}\r\n	echo \'<div class=\"clearer\"> </div>\';\r\n}\r\n?>','Outbox = 1\r\nWelche Box soll angezeigt werden:\r\n<br /><?php\r\n$sel = new rex_select;\r\n$sel->setName(\"VALUE[1]\");\r\n$sel->setSize(1);\r\n$sel->addOption(\"Inbox\",\"0\");\r\n$sel->addOption(\"Outbox\",\"1\");\r\n$sel->setSelected(\"REX_VALUE[1]\");\r\necho $sel->show();\r\n?><br />\r\n','','admin','0','1212189456','','0');
INSERT INTO `rex_module` VALUES ('18','1501 - COM-Module - Artikelkommentar','0','<div class=\"rex-com-articlecommentbox\">\r\n<?php\r\n$ADMIN = FALSE;\r\nif (isset($REX[\"COM_USER\"]) && is_object($REX[\"COM_USER\"]))\r\n{\r\n	if ($REX[\"COM_USER\"]->getValue(\"admin\")==1) $ADMIN = TRUE; \r\n	if ($ADMIN && isset($_REQUEST[\"delete_message\"]) && $_REQUEST[\"delete_message\"]==1)\r\n	{\r\n		$msg_id = (int) $_REQUEST[\"msg_id\"];\r\n		$d = new rex_sql;\r\n		$d->setQuery(\'update rex_com_comment set status=0 where article_id=REX_ARTICLE_ID AND id=\'.$msg_id);\r\n	}\r\n	$xform = new rex_xform;\r\n	$xform->setDebug(FALSE);\r\n	$form_data = \'\r\nhtml|<div class=\"com-tab com-tab-no-navi\">\r\nhtml|<div class=\"com-tab-cntnt\">\r\nhtml|<div class=\"com-tab-cntnt-2\">\r\nhtml|<div class=\"com-tab-cntnt-3\">\r\nhtml|<div id=\"rex-form\">\r\nhtml|<div class=\"spcl-bgcolor\">\r\nhidden|article_id|REX_ARTICLE_ID\r\nhidden|status|1\r\ncom_user|user_id|id|Absender\r\ntextarea|comment|Kommentar\r\ntimestamp|create_datetime\r\nvalidate|notEmpty|comment|Bitte gib einen Kommentar ein.\r\naction|db|rex_com_comment\r\nobjparams|submit_btn_show|0\r\nsubmit|submit|Abschicken|no_db\r\nhtml|<div class=\"clearer\"> </div>\r\nhtml|</div>\r\nhtml|</div>\r\nhtml|</div>\r\nhtml|</div>\r\nhtml|</div>\r\nhtml|</div>\r\n	\';\r\n	\r\n	$form_data = trim(str_replace(\"<br />\",\"\",rex_xform::unhtmlentities($form_data)));\r\n	\r\n	$xform->setFormData($form_data);\r\n	$xform->setRedaxoVars(REX_ARTICLE_ID,REX_CLANG_ID); \r\n	$xform->setObjectparams(\"answertext\",\"Vielen Dank für den Eintrag\"); // Antworttext\r\n	$xform->setObjectparams(\"main_table\",\"rex_com_comment\"); // für db speicherungen und unique abfragen\r\n	\r\n	// Aktion einstellen\r\n	$xform->setObjectparams(\"form_type\",-1); // form_typ\r\n	$addcomment = $xform->getForm();\r\n}else\r\n{\r\n	$addcomment = \'<div class=\"nologin\"><p>Sie sind nicht eingeloggt. Bitte melden Sie sich an, wenn Sie Kommentare schreiben wollen</p></div>\';\r\n}\r\n// ***** SHOW MESSAGES\r\necho \'\r\n<div class=\"com-tab com-tab-no-navi\">\r\n<div class=\"com-tab-cntnt\">\r\n<div class=\"com-tab-cntnt-2\">\r\n<div class=\"com-tab-cntnt-3\">\';\r\n\r\n$commentsql = new rex_sql();\r\n$commentsql->debugsql = 0;\r\n$commentsql->setQuery(\"SELECT * \r\n	FROM  rex_com_comment \r\n	LEFT JOIN rex_com_user ON rex_com_comment.user_id=rex_com_user.id \r\n	WHERE rex_com_comment.article_id=REX_ARTICLE_ID  and rex_com_comment.status=1\r\n	ORDER BY rex_com_comment.create_datetime desc\");\r\nif($commentsql->getRows()<=0)\r\n{\r\n	echo \'<p class=\"com-whitebox\">Kein Kommentar vorhanden !</p>\';\r\n}else\r\n{\r\n	$cl = \"\";\r\n	for($i=0;$i<$commentsql->getRows();$i++)\r\n	{\r\n		// $cl\r\n		echo \'\r\n		<div class=\"com-comment\">\r\n			<div class=\"com-image\">\r\n				<p class=\"image\">\'.rex_com_showUser(&$commentsql,\"image\").\'</p>\r\n			</div>\r\n			\r\n			<div class=\"com-content-name\">\r\n				<p><span class=\"color-1\">\'.rex_com_showUser(&$commentsql,\"name\").\'</span>\r\n					<br />\'.rex_com_formatter($commentsql->getValue(\"rex_com_comment.create_datetime\"),\'datetime\').\'\r\n				</p>\r\n			</div>\r\n			<div class=\"com-content\">\r\n				<p><b>\'.nl2br(htmlspecialchars($commentsql->getValue(\"rex_com_comment.comment\"))).\'</b></p>\';\r\n			\r\n			if ($commentsql->getValue(\"rex_com_user.motto\") != \'\')\r\n				echo \'<p>Motto: \'.$commentsql->getValue(\"rex_com_user.motto\").\'</p>\';\r\n	\r\n		if ($ADMIN)\r\n		{\r\n			$link_params = array_merge($params,array(\"article_id\"=>REX_ARTICLE_ID,\"delete_message\"=>1,\"msg_id\"=>$commentsql->getValue(\"rex_com_comment.id\")));\r\n			echo \'<p class=\"link-button\"><a href=\"\'.rex_getUrl(REX_ARTICLE_ID,\'\',$link_params).\'\"><span>Löschen</span></a></p>\';\r\n		}\r\n		echo \'</div>\r\n			<div class=\"clearer\"> </div>\r\n		</div>\';\r\n		\r\n		if ($cl == \"\") $cl = \' class=\"alternative\"\';\r\n		else $cl = \"\";\r\n		$commentsql->next();\r\n	}\r\n}\r\necho \'\r\n<div class=\"clearer\"> </div>\r\n</div>\r\n</div>\r\n</div>\r\n</div>\r\n\';\r\necho $addcomment;\r\n?>\r\n</div>','','','admin','0','1212169818','','0');
INSERT INTO `rex_module` VALUES ('16','1401 - COM-Module - Board','0','<div class=\"com-board\"><?php\r\n$board = new rex_com_board;\r\nif (isset($REX[\"COM_USER\"]) && $REX[\"COM_USER\"]->getValue(\"admin\")==1) $board->setAdmin(true);\r\n$board->setArticleId(\"REX_ARTICLE_ID\");\r\n$board->setBoardname(\"REX_VALUE[1]\");\r\n$board->setRealBoardname(\"REX_VALUE[2]\");\r\nif (\"REX_VALUE[7]\" != \"user\") $board->setAnonymous(true);\r\nelseif (isset($REX[\"COM_USER\"]) && $REX[\"COM_USER\"]->getValue(\"status\")>0) $board->setUser($REX[\"COM_USER\"]->getValue(\"login\"));\r\n\r\n$board->setFormPostAction(\"index.php\");\r\necho $board->showBoard();\r\n?></div>\r\n','Boardbezeichnung/ Allgemeiner Titel:\r\n<br /><input type=text size=50 name=\"VALUE[2]\" value=\"REX_VALUE[2]\" />\r\n<br /><br />Datenbankbezeichnung (nur kleine Buchstaben verwenden):\r\n<br /><input type=text size=50 name=\"VALUE[1]\" value=\"REX_VALUE[1]\" />\r\n<br /><br /><?\r\n$se = new rex_select;\r\n$se->setName(\"VALUE[7]\");\r\n$se->setSize(1);\r\n$se->addOption(\"Anonym\",\"anonym\");\r\n$se->addOption(\"Nur eingeloggte User\",\"user\");\r\n$se->setSelected(\"REX_VALUE[7]\");\r\necho $se->show();\r\n?><br /><br />','','admin','0','1212571498','','0');
INSERT INTO `rex_module` VALUES ('17','1402 - COM-Module - Boardteaser','0','<?php\r\nif(OOAddon::isAvailable(\'textile\'))\r\n{\r\n	$text = \'\';\r\n	if(REX_IS_VALUE[1])\r\n	{\r\n	\r\n$input =<<< EOT123451827235\r\nREX_HTML_VALUE[1]\r\nEOT123451827235;\r\n	\r\n		$board_id = \'REX_VALUE[2]\';\r\n		$gt = new rex_sql();\r\n		$gt->debugsql = 0;\r\n		$gt->setQuery(\'select count(message_id) as c from rex_com_board where board_id=\"REX_VALUE[2]\" and status=1\');\r\n		$input = str_replace(\"###board-eintraege###\",$gt->getValue(\"c\"),$input);\r\n		$gt->setQuery(\'select count(message_id) as c from rex_com_board where board_id=\"REX_VALUE[2]\" and status=1 and re_message_id=0\');\r\n		$input = str_replace(\"###board-themen###\",$gt->getValue(\"c\"),$input);\r\n		// $text = str_replace(\"###\",\"&#x20;\",$text);\r\n		$textile = new Textile(); \r\n		$input = $textile->TextileThis($input);\r\n	} \r\n	\r\n	print \'<div class=\"txt-img rex-com-boardteaser\">\'. $input. \'</div>\';\r\n}else\r\n{\r\n	echo rex_warning(\'Dieses Modul benötigt das \"textile\" Addon!\');\r\n}\r\n?>','<strong>Text</strong>\r\n<br />[Für Anzahl der Einträge bitte ###board-eintraege### verwenden]:\r\n<br />[Für Anzahl der Themen bitte ###board-themen### verwenden]:\r\n<br />\r\n<?php if(OOAddon::isAvailable(\'textile\')) { ?>\r\n<textarea name=\"VALUE[1]\" cols=\"80\" rows=\"10\" class=\"inp100\">REX_VALUE[1]</textarea>\r\n<br />\r\n<?php rex_a79_help_overview(); }else { echo rex_warning(\'Dieses Modul benötigt das \"textile\" Addon!\'); } ?>\r\n<br />Boardkey:\r\n<input type=\"text\" name=\"VALUE[2]\" value=\"REX_VALUE[2]\" size=\"20\" />\r\n<br /><br />','','','0','0','','0');
DROP TABLE IF EXISTS `rex_module_action`;
CREATE TABLE `rex_module_action` ( `id` int(11) NOT NULL  auto_increment, `module_id` int(11) NOT NULL DEFAULT '0' , `action_id` int(11) NOT NULL DEFAULT '0' , `revision` int(11) NULL  , PRIMARY KEY (`id`)) TYPE=MyISAM;
DROP TABLE IF EXISTS `rex_template`;
CREATE TABLE `rex_template` ( `id` int(11) NOT NULL  auto_increment, `label` varchar(255) NULL  , `name` varchar(255) NULL  , `content` text NULL  , `active` tinyint(1) NULL  , `createuser` varchar(255) NOT NULL  , `updateuser` varchar(255) NOT NULL  , `createdate` int(11) NOT NULL DEFAULT '0' , `updatedate` int(11) NOT NULL DEFAULT '0' , `attributes` text NULL  , `revision` int(11) NULL  , PRIMARY KEY (`id`)) TYPE=MyISAM;
INSERT INTO `rex_template` VALUES ('1','','1011 - COM-Template - Standardtemplate','<?php\r\nerror_reporting(E_ALL ^ E_NOTICE);\r\n\r\n// Die IDs der Templates muessen angepasst werden\r\n// Permission Funktion includen, passende ID einsetzen\r\n?>REX_TEMPLATE[9]<?php\r\n\r\n// Authentifizierung includen, passende ID einsetzen\r\n?>REX_TEMPLATE[8]<?php\r\n\r\nif (rex_com_checkUserPerm($this->getValue(\"art_com_perm\")))\r\n{\r\n  // Zugriff erlaubt\r\n  $CONTENT  = $this->getArticle(1);\r\n  $CONTENT_LEFT  = $this->getArticle(2);\r\n  $CONTENT_RIGHT  = $this->getArticle(3);\r\n	$art = OOArticle::getArticleById(REX_ARTICLE_ID);\r\n	$cat = OOCategory::getCategoryById($art->getCategoryId());\r\n	if ($CONTENT_LEFT == \'\') {\r\n		while ($CONTENT_LEFT == \'\') {\r\n			if ($cat == null) break;\r\n			$a = new rex_article($cat->getId());\r\n			$CONTENT_LEFT = $a->getArticle(2);\r\n			$cat = $cat->getParent();\r\n		} \r\n	}\r\n	if ($CONTENT_LEFT == \'\') {\r\n		$a = new rex_article($REX[\'START_ARTICLE_ID\']);\r\n		$CONTENT_LEFT = $a->getArticle(2);\r\n	}\r\n	if ($CONTENT_RIGHT == \'\') {\r\n		while ($CONTENT_RIGHT == \'\') {\r\n			if ($cat == null) break;\r\n			$a = new rex_article($cat->getId());\r\n			$CONTENT_RIGHT = $a->getArticle(3);\r\n			$cat = $cat->getParent();\r\n		} \r\n	}\r\n	if ($CONTENT_RIGHT == \'\') {\r\n		$a = new rex_article($REX[\'START_ARTICLE_ID\']);\r\n		$CONTENT_RIGHT = $a->getArticle(3);\r\n	}\r\n}else\r\n{\r\n  // Zugriff verboten\r\n  ob_end_clean();\r\n  ob_end_clean();\r\n  header(\'Location:\'.rex_getUrl(REX_COM_PAGE_LOGIN_ID,\'\',array(\"errmsg\"=>\'Sie haben keine Rechte für diese Seite und wurden deswegen auf die Startseite geleitet.\')));\r\n  exit;\r\n}\r\n?><!DOCTYPE html PUBLIC \"-//W3C//DTD XHTML 1.0 Strict//EN\" \"http://www.w3.org/TR/xhtml1/DTD/xhtml1-strict.dtd\">\r\n<html xmlns=\"http://www.w3.org/1999/xhtml\" xml:lang=\"de\" lang=\"de\">\r\n<head>\r\n	<title>Community REDAXO</title>\r\n	<meta http-equiv=\"content-type\" content=\"text/html; charset=iso-8859-1\" />\r\n	<meta name=\"robots\" content=\"index, follow\" />\r\n	<meta name=\"language\" content=\"deutsch\" />\r\n	<meta name=\"distribution\" content=\"global\" />\r\n	<meta name=\"revisit-after\" content=\"30 days\" />\r\n	<link rel=\"stylesheet\" type=\"text/css\" href=\"files/css_website.css\" media=\"screen\" />\r\n	<link rel=\"stylesheet\" type=\"text/css\" href=\"files/css_community.css\" media=\"screen\" />\r\n	<link rel=\"stylesheet\" type=\"text/css\" href=\"files/css_form.css\" media=\"screen\" />\r\n</head>\r\n<body>\r\n<!--\r\n<div style=\"background-color:#f90; padding:10px; color:#fff; display:block;\">Ich arbeite gerade an der Seite, es kann sein das diese hin und wieder ausfällt</div>\r\n-->\r\n<div id=\"wbst\">\r\n	\r\n	<div id=\"logo\"><p><a href=\"/\">Community AddOn</a></p></div>\r\n	\r\n	<div id=\"hdr\">\r\n		<div id=\"com-usr-navi\">\r\n			REX_TEMPLATE[13]\r\n		</div>\r\n		REX_TEMPLATE[14]\r\n	</div>\r\n	\r\n	\r\n	<div id=\"wrppr\">\r\n		<div id=\"f-lft\">\r\n			<div class=\"bx-v1 bx-shdw\">\r\n			<div class=\"bx-v1-2 bx-shdw-2\">\r\n				<div class=\"bx-v1-cntnt\">\r\n					<h3><strong>Navigation</strong></h3>\r\n					<div id=\"com-site-navi\">\r\n						REX_TEMPLATE[12]\r\n					</div>\r\n				</div>\r\n			</div>\r\n			</div>\r\n			<?php echo $CONTENT_LEFT; ?>\r\n		</div>\r\n	\r\n		<div id=\"f-cntnt\">\r\n			<div id=\"cntnt\">\r\n				<?php echo $CONTENT; ?>\r\n			</div>\r\n			\r\n		</div>\r\n		\r\n		<div id=\"f-rght\">\r\n			REX_TEMPLATE[10]\r\n			<?php echo $CONTENT_RIGHT; ?>\r\n			REX_TEMPLATE[15]\r\n		</div>\r\n		\r\n		<div class=\"clearer\"> </div>\r\n	</div>\r\n</div>\r\n<div id=\"ftr\">\r\n	<p><a href=\"<?php echo rex_getUrl(35); ?>\">Impressum</a> | &copy; 2007 By Yakamara Media GmbH &amp; Co. KG</p>\r\n</div>\r\n</body>\r\n</html>','1','admin','admin','1212572399','1212664666','a:1:{s:5:\"ctype\";a:0:{}}','0');
INSERT INTO `rex_template` VALUES ('8','','1012 - COM-Template - Authentifizierung','<?php\r\n// -------------------------------------------------------------- USER AUTH\r\n\r\nunset($REX[\'COM_USER\']);\r\n$pagekey = \'comrex\'; // Frontendkey, muss sich unterscheiden, damit frontend und backend sich nicht schneiden.\r\n\r\n$login_name = rex_request(\"login_name\",\"string\");\r\n$login_psw = rex_request(\"login_psw\",\"string\");\r\n$logout = rex_request(\"logout\",\"int\");\r\n$msg = \'Bitte einloggen\';\r\n\r\n// ----- session start\r\nsession_start();\r\n$COM_USER_SAVE = new rex_sql();\r\n$COM_USER_SAVE->setTable(\'rex_com_user\');\r\nif ((isset($_SESSION[$pagekey][\'UID\']) && $_SESSION[$pagekey][\'UID\'] != \"\") or $login_name != \"\" or $login_psw != \"\")\r\n{\r\n	$user_id = (int) $_SESSION[$pagekey][\'UID\'];\r\n	$GLOBALS[\"I18N\"] = rex_create_lang(\"de\");\r\n	$REX[\'COM_USER\'] = new rex_login();\r\n	$REX[\'COM_USER\']->setSqlDb(1);\r\n	$REX[\'COM_USER\']->setSysID($pagekey);\r\n	$REX[\'COM_USER\']->setSessiontime(3000);\r\n	$REX[\'COM_USER\']->setLogin($login_name,$login_psw);\r\n	if ($logout == 1) { $REX[\'COM_USER\']->setLogout(true); }\r\n	$REX[\'COM_USER\']->setUserID(\"rex_com_user.id\");\r\n	$REX[\'COM_USER\']->setUserquery(\"select * from rex_com_user where id=\'USR_UID\' and status>0\");\r\n	$REX[\'COM_USER\']->setLoginquery(\"select * from rex_com_user where login=\'USR_LOGIN\' and password=\'USR_PSW\' and status>0\");\r\n	\r\n	if ($REX[\'COM_USER\']->checkLogin())\r\n	{\r\n		// ----- Login gelungen\r\n		if ($login_name != \"\")\r\n		{\r\n			// ----- Login gelungen und gerade erst eingeloggt\r\n			// -> last_xs\r\n			$msg = \'Sie haben sich eingeloggt!\';\r\n			$COM_USER_SAVE->setValue(\'last_login\',time());\r\n			$jump_aid = $REX[\'START_ARTICLE_ID\'];\r\n		}\r\n\r\n	}else\r\n	{\r\n		$ud = new rex_sql;\r\n		// $ud->debugsql = 1;\r\n		if ($user_id != 0 || $logout == 1) $ud->setQuery(\'update rex_com_user set online_status=0 where id=\"\'.$user_id.\'\"\');\r\n		\r\n		\r\n		// ----- Login failed\r\n		$msg = \'Login ist fehlgeschlagen.\';\r\n		if ($logout == 1) $msg = \'Sie haben sich ausgeloggt\';\r\n		\r\n		unset($REX[\'COM_USER\']);\r\n		if ($logout == 1) $jump_aid = $REX[\'START_ARTICLE_ID\'];\r\n	}\r\n}else\r\n{\r\n	// ----- nicht eingeloggt und kein login\r\n	$msg = \'Sie sind nicht eingeloggt.\';\r\n	unset($REX[\'COM_USER\']);\r\n}\r\nif (isset($REX[\'COM_USER\']) && is_object($REX[\'COM_USER\']) && $REX[\'COM_USER\']->getValue(\'rex_com_user.id\')!=\'\')\r\n{\r\n	// ----- session speichern\r\n	\r\n	$COM_USER_SAVE->setValue(\'online_status\',\'1\');\r\n	$COM_USER_SAVE->setValue(\'session_id\',session_id());\r\n	$COM_USER_SAVE->setValue(\'last_xs\',time());\r\n	$COM_USER_SAVE->setWhere(\'id=\'.$REX[\'COM_USER\']->getValue(\'rex_com_user.id\'));\r\n	$COM_USER_SAVE->update();\r\n}\r\nunset($COM_USER_SAVE);\r\n\r\nif (isset($jump_aid))\r\n{\r\n  header(\'Location:\'.rex_getUrl($jump_aid));\r\n  exit;\r\n}\r\n\r\n?>','0','admin','admin','1212572400','1212185314','a:1:{s:5:\"ctype\";a:0:{}}','0');
INSERT INTO `rex_template` VALUES ('9','','1013 - COM-Template - Permission/Rechte','<?php\r\n/*\r\n   	 0  Standard   	Zugriff für alle \r\n  	-1 	Zugriff für nicht eingeloggte User  \r\n  	 1 	Zugriff für eingeloggte User  \r\n  	 2 	Zugriff für eingeloggte Moderatoren und Admins\r\n  	 3 	Zugriff für eingeloggte Admins\r\n*/\r\nfunction rex_com_checkUserPerm($type,$group = \"\")\r\n{\r\n	global $REX;\r\n	if ($type == \"\") return true; // Zugriff für alle \r\n	if ($type == \"0\") return true; // Zugriff für alle \r\n  \r\n	if (isset($REX[\'COM_USER\']) && is_object($REX[\'COM_USER\']))\r\n	{\r\n		if ($type == \"1\") return true; // Zugriff für eingeloggte User\r\n		if ($type == \"2\" && ($REX[\'COM_USER\']->getValue(\"admin\")==1 || $REX[\'COM_USER\']->getValue(\"moderator\")==1)) return true;\r\n		if ($type == \"3\" && $REX[\'COM_USER\']->getValue(\"admin\")==1) return true;\r\n	}\r\n	if(!isset($REX[\'COM_USER\']) || !is_object($REX[\'COM_USER\']))\r\n	{\r\n		if ($type == \"-1\") return true; // Zugriff für nicht eingeloggte User \r\n	} \r\n	return false;\r\n}\r\n	\r\n?>','0','admin','admin','1212572401','1212185586','a:1:{s:5:\"ctype\";a:0:{}}','0');
INSERT INTO `rex_template` VALUES ('10','','1014 - COM-Template - Userloginfenster','<?php\r\n// ********************************************************* LOGIN\r\n$login = \'\';\r\n$status = \'\';\r\n$now = time();\r\n$gab = 60*60;\r\n$ti = $now-$gab;\r\n// User sind online\r\n$gu = new rex_sql;\r\n$gu->setQuery(\'select * from rex_com_user where last_xs>\'.$ti.\' and online_status=1\');\r\n$user_online = $gu->getRows();\r\nif ($user_online == 0) $user_online_text = \'Kein Benutzer ist online\'; \r\nelseif ($user_online < 2) $user_online_text = \'Ein Benutzer ist online\';\r\nelse $user_online_text = $user_online.\' Benutzer sind online\';\r\n$users_online = \"\";\r\n$users_online = \'<ul class=\"com-usr-list\">\';\r\nfor($i=0;$i<$gu->getRows();$i++)\r\n{\r\n  //if ($users_online != \"\") $users_online .= \' + \';\r\n  $users_online .= \'<li>\'.rex_com_showUser($gu, \"login\", \"\", TRUE).\'</li>\';\r\n  $gu->next();\r\n}\r\nif ($gu->getRows()==0) $users_online .= \'<li>Kein User ist online</li>\';\r\n$users_online .= \'</ul>\';\r\nif (isset($REX[\'COM_USER\']) && is_object($REX[\'COM_USER\']))\r\n{\r\n	$status = \'Login\';\r\n\r\n	$gu->setQuery(\'select count(id) from rex_com_contact where user_id=\'.$REX[\'COM_USER\']->getValue(\'id\').\' and accepted=1\');\r\n	// $gu->debugsql = 1;\r\n	$user_contacts = $gu->getValue(\"count(id)\");\r\n	$gu->setQuery(\'select count(id) from rex_com_contact where user_id=\'.$REX[\'COM_USER\']->getValue(\'id\').\' and accepted=0 and requested=0\');\r\n	$user_contact_requests = $gu->getValue(\"count(id)\");\r\n	$login .= \'<div id=\"com-user-box\">\';\r\n	$login .= \'<h4>User</h4>\';\r\n	//$login .= \'<p>Sie sind eingeloggt als:<br /> <strong>\'.$REX[\'COM_USER\']->getValue(\'login\').\'</strong></p>\';\r\n	$login .= \'<p><strong>\'.$REX[\'COM_USER\']->getValue(\'login\').\'</strong></p>\';\r\n	$login .= \'<ul>\r\n					<li><a class=\"icon icon-myprfl\" href=\"\'.rex_getUrl(REX_COM_PAGE_MYPROFIL_ID).\'\"><span>Mein Profil</span></a></li>\r\n					<li><a class=\"icon icon-lgt\" href=\"\'.rex_getUrl($logout_aid,\'\',array(\'logout\'=>1)).\'\"><span>Logout</span></a></li>\r\n				</ul>\r\n			\';\r\n	\r\n	//$login .= \'<p><br /><a href=\"\'.rex_getUrl(REX_COM_PAGE_MYPROFIL_ID).\'\">&raquo; Mein Profil</a></p>\';\r\n	//$login .= \'<p class=\"logout\"><a href=\"\'.rex_getUrl($logout_aid,\'\',array(\'logout\'=>1)).\'\">&raquo; Logout</a></p>\';\r\n	\r\n	$login .= \'<div class=\"splt\"></div>\';\r\n	$login .= \'<ul>\';\r\n	$login .= \'<li>\'.$user_online_text.\'</li>\';\r\n	if ($user_contacts == 1) $login .= \'<li>Sie haben einen Kontakt</li>\';\r\n	elseif ($user_contacts == 0) $login .= \'<li>Sie haben keinen Kontakt</li>\';\r\n	else $login .= \'<li>Sie haben \'.$user_contacts.\' Kontakte</li>\';\r\n	if ($user_contact_requests == 1) $login .= \'<li>Sie haben eine Kontaktanfrage</li>\';\r\n	elseif ($user_contact_requests == 0) $login .= \'<li>Sie haben keine Kontaktanfrage</li>\';\r\n	else $login .= \'<li>Sie haben \'.$user_contact_requests.\' Kontaktanfragen</li>\';\r\n	// $login .= \'<li>Aktivität: \'.$REX[\'COM_USER\']->getValue(\'activity\').\'%</li>\';\r\n	$login .= \'</ul>\';\r\n	\r\n	$login .= \'<div class=\"splt\"></div>\';\r\n	$login .= \'<h4>Folgende User sind online:</h4>\'.$users_online;\r\n	$login .= \'</div>\';\r\n}else\r\n{\r\n	$status = \'Logout\';\r\n	$login .= \'<div id=\"com-user-box\">\';\r\n	$login .= \'<h4>Login</h4>\';\r\n	$login .= \'<form action=\"index.php\" method=\"post\">\r\n				<input type=\"hidden\" name=\"article_id\" value=\"\'.REX_COM_PAGE_LOGIN_ID.\'\" />\r\n					<fieldset>\r\n					<p class=\"formtext\">\r\n						<label for=\"name\" class=\"hidden\">Benutzername:</label>\r\n						<input type=\"text\" id=\"name\" name=\"login_name\" value=\"Benutzername...\" onblur=\"if(this.value == \\\'\\\') this.value=\\\'Benutzername...\\\'\" onfocus=\"if(this.value == \\\'Benutzername...\\\') this.value=\\\'\\\'\" />\r\n					</p>\r\n					<p class=\"formtext\">\r\n						<label for=\"password\" class=\"hidden\">Passwort:</label>\r\n						<input type=\"password\" id=\"password\" name=\"login_psw\" value=\"Passwort...\" onblur=\"if(this.value == \\\'\\\') this.value=\\\'Passwort...\\\'\" onfocus=\"if(this.value == \\\'Passwort...\\\') this.value=\\\'\\\'\" />\r\n					</p>\r\n					<!-- <p class=\"formcheckbox\">\r\n						<input type=\"checkbox\" id=\"loginsave\" name=\"login_save\" />\r\n						<label for=\"loginsave\">Login speichern</label>\r\n					</p>-->\r\n					<p class=\"formsubmit\">\r\n						<input class=\"submit\" type=\"submit\" value=\"Login\" title=\"Anmeldung durchführen\" />\r\n					</p>\r\n					</fieldset>\r\n				</form>\r\n				\r\n				<ul>\r\n					<li><a class=\"icon icon-rgstr\" href=\"\'.rex_getUrl(REX_COM_PAGE_REGISTER_ID).\'\"><span>Registrieren ?</span></a></li>\r\n					<li><a class=\"icon icon-psswd-frgttn\" href=\"\'.rex_getUrl(REX_COM_PAGE_PSWFORGOTTEN_ID).\'\"><span>Passwort ?</span></a></li>\r\n				</ul>\r\n				\r\n				<div class=\"splt\"></div>\r\n				\r\n				<h4>Folgende User sind online:</h4>\r\n				\'.$users_online.\'\r\n			\';\r\n	$login .= \'</div>\';\r\n\r\n} \r\necho \'<div class=\"bx-v1 bx-shdw\"><div class=\"bx-v1-2 bx-shdw-2\"><div class=\"bx-v1-cntnt\"><h3><strong>Status</strong> / \'.$status.\'</h3>\'.$login.\'</div></div></div>\';\r\n?>','0','admin','admin','1212572402','1212185635','a:1:{s:5:\"ctype\";a:0:{}}','0');
INSERT INTO `rex_template` VALUES ('15','','1018 - COM-Template - Yakamara Adsense','<div class=\"bx-v1 bx-shdw\">\r\n<div class=\"bx-v1-2 bx-shdw-2\">\r\n<div class=\"bx-v1-cntnt\">\r\n\r\n<script type=\'text/javascript\'><!--//<![CDATA[\r\n   var m3_u = (location.protocol==\'https:\'?\'https://adserver.yakamara.de/www/delivery/ajs.php\':\'http://adserver.yakamara.de/www/delivery/ajs.php\');\r\n   var m3_r = Math.floor(Math.random()*99999999999);\r\n   if (!document.MAX_used) document.MAX_used = \',\';\r\n   document.write (\"<scr\"+\"ipt type=\'text/javascript\' src=\'\"+m3_u);\r\n   document.write (\"?zoneid=2\");\r\n   document.write (\'&amp;cb=\' + m3_r);\r\n   if (document.MAX_used != \',\') document.write (\"&amp;exclude=\" + document.MAX_used);\r\n   document.write (\"&amp;loc=\" + escape(window.location));\r\n   if (document.referrer) document.write (\"&amp;referer=\" + escape(document.referrer));\r\n   if (document.context) document.write (\"&context=\" + escape(document.context));\r\n   if (document.mmm_fo) document.write (\"&amp;mmm_fo=1\");\r\n   document.write (\"\'><\\/scr\"+\"ipt>\");\r\n//]]>--></script><noscript><a href=\'http://adserver.yakamara.de/www/delivery/ck.php?n=a50c3fe7&amp;cb=INSERT_RANDOM_NUMBER_HERE\' target=\'_blank\'><img src=\'http://adserver.yakamara.de/www/delivery/avw.php?zoneid=2&amp;cb=INSERT_RANDOM_NUMBER_HERE&amp;n=a50c3fe7\' border=\'0\' alt=\'\' /></a></noscript>\r\n\r\n</div></div></div>\r\n','0','admin','admin','1212158319','1212651747','a:1:{s:5:\"ctype\";a:0:{}}','0');
INSERT INTO `rex_template` VALUES ('12','','1015 - COM-Template - Navigation mit 3 Ebenen','<?php\r\n// EXPLODE PATH\r\n$PATH = explode(\"|\",$this->getValue(\"path\").$this->getValue(\"article_id\").\"|\");\r\n// GET CURRENTS\r\n$path1 = $PATH[1];\r\n$path2 = $PATH[2];\r\n$path3 = $PATH[3];\r\n$catsArr = array();\r\n$nav = \'\';\r\n$c1 = 0;\r\n$lev1Cats = OOCategory::getRootCategories(true);\r\nforeach ($lev1Cats as $lev1) {\r\n	\r\n	if (rex_com_checkUserPerm($lev1->getValue(\"art_com_perm\"))) {\r\n				\r\n		if ($lev1->getId() == $path1)\r\n			$nav .= \'<li><a class=\"active\" href=\"\'.rex_getUrl($lev1->getId()).\'\"><span>\'.strtoupper($lev1->getName()).\'</span></a>\';\r\n		else\r\n			$nav .= \'<li><a href=\"\'.rex_getUrl($lev1->getId()).\'\"><span>\'.strtoupper($lev1->getName()).\'</span></a>\';\r\n		\r\n		\r\n		$lev2Cats = $lev1->getChildren(true);\r\n		\r\n		$nav2 = \'\';\r\n		if ($lev1->getId() == $path1 AND sizeof($lev2Cats) != 0) {\r\n			foreach ($lev2Cats as $lev2) {\r\n				if (rex_com_checkUserPerm($lev2->getValue(\"art_com_perm\"))) {\r\n					if ($lev2->getId() == $path2)\r\n						$nav2 .= \'<li><a class=\"active\" href=\"\'.rex_getUrl($lev2->getId()).\'\"><span>\'.strtoupper($lev2->getName()).\'</span></a>\';\r\n					else\r\n						$nav2 .= \'<li><a href=\"\'.rex_getUrl($lev2->getId()).\'\"><span>\'.strtoupper($lev2->getName()).\'</span></a>\';\r\n					\r\n					\r\n					$lev3Cats = $lev2->getChildren(true);\r\n			\r\n					$nav3 = \'\';\r\n					if ($lev2->getId() == $path2 AND sizeof($lev3Cats) != 0) {\r\n						foreach ($lev3Cats as $lev3) {\r\n							if (rex_com_checkUserPerm($lev3->getValue(\"art_com_perm\"))) {\r\n							\r\n								if ($lev3->getId() == $path3)\r\n									$nav3 .= \'<li><a class=\"active\" href=\"\'.rex_getUrl($lev3->getId()).\'\"><span>\'.strtoupper($lev3->getName()).\'</span></a></li>\';\r\n								else\r\n									$nav3 .= \'<li><a href=\"\'.rex_getUrl($lev3->getId()).\'\"><span>\'.strtoupper($lev3->getName()).\'</span></a></li>\';\r\n							}\r\n						}\r\n					}\r\n					if ($nav3 != \'\')\r\n						$nav2 .= \'<ul>\'.$nav3.\'</ul>\';\r\n					$nav2 .= \'</li>\';\r\n				}\r\n			}\r\n		}\r\n		if ($nav2 != \'\')\r\n			$nav .= \'<ul>\'.$nav2.\'</ul>\';\r\n		$nav .= \'</li>\';\r\n	}\r\n}\r\nprint \'<ul>\'.$nav.\'</ul>\';\r\n?>','0','admin','admin','1212572403','1212184378','a:1:{s:5:\"ctype\";a:0:{}}','0');
INSERT INTO `rex_template` VALUES ('13','','1016 - COM-Template - Navigation - Userbereiche 1 Ebene','<?php\r\n// Navigation für Usercategorien\r\n// BItte die Kategorie eintragen, die die Kategorien wie \"Mein Profil\", \"Meine Kontakte\" etc enthällt.\r\n$cat_id = REX_COM_USERCAT_ID;\r\n// EXPLODE PATH\r\n$PATH = explode(\"|\",$this->getValue(\"path\").$this->getValue(\"article_id\").\"|\");\r\n$cats = OOCategory::getChildrenById($cat_id, true);\r\n$catsArr = array();\r\nforeach ($cats as $lev1) {\r\n	if (rex_com_checkUserPerm($lev1->getValue(\"art_com_perm\")))		\r\n		$catsArr[$lev1->getId()][\'name\'] = $lev1->getName();\r\n}\r\n$c1 = 0;\r\n$nav = \'<ul>\';\r\nif (is_array($catsArr) AND sizeof($catsArr) != 0) \r\n{\r\n	foreach ($catsArr AS $lev1Id => $value) \r\n	{\r\n		$c1++;\r\n		$cl1 = \'\';\r\n		\r\n		if ($c1 == 1)\r\n			$cl1 = \' class=\"li-frst\"\';\r\n		elseif ($c1 == count($catsArr))\r\n			$cl1 = \' class=\"li-lst\"\';\r\n		\r\n		if (count($catsArr) == 1)\r\n			$cl1 = \' class=\"li-aln\"\';\r\n			\r\n		if ($lev1Id == $PATH[2])\r\n			$nav .= \'<li\'.$cl1.\'><a class=\"active\" href=\"\'.rex_getUrl($lev1Id).\'\"><span>\'.strtoupper($value[\'name\']).\'</span></a></li>\';\r\n		else\r\n			$nav .= \'<li\'.$cl1.\'><a href=\"\'.rex_getUrl($lev1Id).\'\"><span>\'.strtoupper($value[\'name\']).\'</span></a></li>\';\r\n		\r\n	}\r\n}\r\nif (isset($REX[\'COM_USER\']) && is_object($REX[\'COM_USER\'])) \r\n{\r\n	$nav .= \'<li class=\"li-aln\"><a href=\"\'.rex_getUrl(\'\', \'\', array(\'logout\'=>1)).\'\"><span>LOGOUT</span></a></li>\';\r\n}else \r\n{\r\n	$cl1_a =\'\';\r\n	if ($this->getValue(\'article_id\') == REX_COM_PAGE_LOGIN_ID)\r\n		$cl1_a = \' class=\"active\"\';\r\n	$nav .= \'<li class=\"li-aln\"><a\'.$cl1_a.\' href=\"\'.rex_getUrl(REX_COM_PAGE_LOGIN_ID).\'\"><span>LOGIN</span></a></li>\';\r\n}\r\n$nav .= \'</ul>\';\r\nprint $nav;\r\n?>','0','admin','admin','1212572404','1212185713','a:1:{s:5:\"ctype\";a:0:{}}','0');
INSERT INTO `rex_template` VALUES ('14','','1017 - COM-Template - Breadcrumb','<?php\r\n/*	Breadcrumb Navi	*************************************/\r\n$aid = $this->getValue(\'article_id\');\r\n$navi_brdcrmb = \'\';\r\n$article = OOArticle :: getArticleById($aid);\r\n$article_tree = $article->getParentTree();\r\nif (!$article->isStartpage()) {\r\n	$article_tree[] = $article;\r\n}\r\nif (is_array($article_tree)) {\r\n	$navi_brdcrmb .= \'<div class=\"com-path\"><p>Sie befinden sich hier: \';\r\n	\r\n	if ($aid != $REX[\'START_ARTICLE_ID\']) {\r\n		$navi_brdcrmb .= \'<a href=\"\'.rex_getUrl($REX[\'START_ARTICLE_ID\']).\'\">Home</a> &raquo; \';\r\n	}\r\n	\r\n	foreach ($article_tree as $article) {\r\n				\r\n		if ($article->hasTemplate() AND $article->isOnline()) {\r\n			if ($article->getId() == $aid) {\r\n				$navi_brdcrmb .= \'<span><a href=\"\'.$article->getUrl().\'\">\'.$article->_name.\'</a></span>\';\r\n			}\r\n			else {\r\n				$navi_brdcrmb .= \'<a href=\"\'.$article->getUrl().\'\">\'.$article->_name.\'</a> &raquo; \';\r\n			}\r\n		}\r\n	}\r\n	\r\n	if (substr($navi_brdcrmb, -9, 9) == \' &raquo; \')\r\n		$navi_brdcrmb = substr($navi_brdcrmb, 0, -9);\r\n	\r\n	$navi_brdcrmb .= \'</p></div>\';\r\n	\r\n	print $navi_brdcrmb;\r\n}\r\n?>','0','admin','admin','1212572405','1212170679','a:1:{s:5:\"ctype\";a:0:{}}','0');
DROP TABLE IF EXISTS `rex_xform_email_template`;
CREATE TABLE `rex_xform_email_template` ( `id` int(11) NOT NULL  auto_increment, `name` varchar(255) NOT NULL  , `mail_from` varchar(255) NOT NULL  , `mail_from_name` varchar(255) NOT NULL  , `subject` varchar(255) NOT NULL  , `body` text NOT NULL  , PRIMARY KEY (`id`)) TYPE=MyISAM;
INSERT INTO `rex_xform_email_template` VALUES ('1','register','jan.kristinus@yakamara.de','jan.kristinus@yakamara.de','Community: Bitte bestätigen Sie die Registrierung','Guten Tag ###firstname### ###name###,\r\nIhre Registrierung zur Community war erfolgreich. \r\nBitte klicken Sie auf diesen Link, um Ihre E-Mail zu bestätigen.\r\nhttp://redaxo.de/index.php?article_id=26&clang=0&uid=###ID###&activation_key=###activation_key###&login=###login###\r\nIhr Logindaten (bitte abspeichern):\r\n- - - - - - - - - - - - - - - - - - - - - - - - - - - - - - - - -  -\r\nWebsite: redaxo.de\r\nBenutzername: ###login###\r\nPasswort: ###password###\r\nE-Mail: ###email###\r\nVorname: ###firstname###\r\nNachname: ###name###\r\nBei Schwierigkeiten oder für Anregungen können Sie uns gerne eine E-Mail an jan.kristinus@yakamara.de schicken. \r\nWir freuen uns, Sie in unserer Community dabei zu haben!\r\nIhr Team\r\n');
INSERT INTO `rex_xform_email_template` VALUES ('2','send_password','jan.kristinus@yakamara.de','jan.kristinus@yakamara.de','Community: Neues Passwort','Guten Tag ###firstname### ###name###,\r\nFür Ihren Zugang in die Community verwenden Sie bitte folgendes Passwort:\r\nPasswort: ###password###\r\nHerzliche Grüße,\r\nIhr Team\r\n');
INSERT INTO `rex_xform_email_template` VALUES ('3','sendemail_contactrequest','jan.kristinus@yakamara.de','jan.kristinus@yakamara.de','Community: Neue Kontaktanfrage','Guten Tag ###firstname### ###name###,\r\nein Mitglied der Community möchte Sie als Kontakt hinzufügen. Bestätigen Sie die Kontaktanfrage unter http://redaxo.de/ .\r\nHerzliche Grüße,\r\nIhr Team');
INSERT INTO `rex_xform_email_template` VALUES ('4','sendemail_guestbook','jan.kristinus@yakamara.de','jan.kristinus@yakamara.de','Community: Neuer Eintrag in Ihr Gästebuch','Guten Tag ###firstname### ###name###,\r\nein Mitglied der Community hat einen Eintrag in Ihrem Gästebuch hinterlassen. Um diesen einzusehen, loggen Sie sich unter http://redaxo.de/ ein.\r\nHerzliche Grüße,\r\nIhr Team');
INSERT INTO `rex_xform_email_template` VALUES ('5','sendemail_newmessage','jan.kristinus@yakamara.de','jan.kristinus@yakamara.de','Community: Neue private Nachricht','Guten Tag ###firstname### ###name###,\r\nein Mitglied der Community hat Ihnen eine Nachricht geschrieben. Loggen Sie sich unter http://redaxo.de/ ein, um diese zu lesen und zu beantworten.\r\nHerzliche Grüße,\r\nIhr Team');
